year,verslagnaam,voornaam,match_achternaam,fractie,functie,words,turns,days
2026,Hermans,Sophie,Hermans,VVD,"minister van Klimaat en Groene Groei, viceminister-president",189704,1083,25
2026,Van Campen,Thom,Campen,VVD,lid Tweede Kamer,181537,10500,60
2026,Van Weel,David,Weel,,minister van Justitie en Veiligheid,178152,908,25
2026,Sterk,Mirjam,Sterk,,"minister van Langdurige Zorg, Jeugd en Sport",175869,1008,21
2026,Tielen,Judith,Tielen,VVD,lid Tweede Kamer,171162,1100,20
2026,Aartsen,Thierry,Aartsen,VVD,lid Tweede Kamer,151593,807,20
2026,Van der Plas,Caroline,Plas,BBB,lid Tweede Kamer,140893,1734,51
2026,Ceder,Don,Ceder,ChristenUnie,lid Tweede Kamer,137792,1034,52
2026,Flach,André,Flach,SGP,lid Tweede Kamer,133249,1011,46
2026,Dobbe,Sarah,Dobbe,SP,lid Tweede Kamer,127324,1076,51
2026,Grinwis,Pieter,Grinwis,ChristenUnie,lid Tweede Kamer,125936,989,52
2026,Karremans,Vincent,Karremans,,"staatssecretaris Jeugd, Preventie en Sport",123304,690,20
2026,Van den Brink,Bart,Brink,CDA,"minister van Asiel en Migratie, viceminister-president",121444,708,17
2026,Jetten,Rob,Jetten,D66,lid Tweede Kamer,114891,761,11
2026,Vermeer,Henk,Vermeer,BBB,lid Tweede Kamer,109187,1361,61
2026,Berendsen,Tom,Berendsen,EP/CDA,minister van Buitenlandse Zaken,107506,707,16
2026,Bikker,Mirjam,Bikker,ChristenUnie,lid Tweede Kamer,107132,727,45
2026,Van Bruggen,Claudia,Bruggen,,staatssecretaris van Justitie en Veiligheid,107065,516,18
2026,Boekholt-O'Sullivan,Elanor,Boekholt-O'Sullivan,,minister van Volkshuisvesting en Ruimtelijke Ordening,101522,715,18
2026,Heerma,Pieter,Heerma,CDA,lid Tweede Kamer,100031,467,16
2026,Kostić,Ines,Kostić,PvdD,lid Tweede Kamer,99172,1084,50
2026,Vijlbrief,Hans,Vijlbrief,D66,Lid Tweede Kamer,99013,655,18
2026,Heinen,Eelco,Heinen,VVD,minister van Financiën,98034,419,10
2026,Westerveld,Lisa,Westerveld,GroenLinks,lid Tweede Kamer,97984,617,45
2026,Beckerman,Sandra,Beckerman,SP,lid Tweede Kamer,95589,977,48
2026,Erkens,Silvio,Erkens,VVD,lid Tweede Kamer,94846,586,22
2026,Dassen,Laurens,Dassen,Volt,lid Tweede Kamer,93752,958,52
2026,Dijk,Jimmy,Dijk,SP,lid Tweede Kamer,92162,927,46
2026,Ceulemans,Simon,Ceulemans,JA21,lid Tweede Kamer,90178,980,47
2026,Van Houwelingen,Pepijn,Houwelingen,FVD,lid Tweede Kamer,84916,645,40
2026,Van Baarle,Stephan,Baarle,DENK,lid Tweede Kamer,84276,825,47
2026,Keijzer,Mona,Keijzer,CDA,lid Tweede Kamer,83881,961,41
2026,Moorman,Marjolein,Moorman,GroenLinks-PvdA,lid Tweede Kamer,83751,1779,37
2026,Ellian,Ulysse,Ellian,VVD,lid Tweede Kamer,82200,1175,39
2026,Letschert,Rianne,Letschert,,"minister van Onderwijs, Cultuur en Wetenschap",81884,469,12
2026,Michon-Derkzen,Ingrid,Michon-Derkzen,VVD,lid Tweede Kamer,81808,2165,41
2026,Boswijk,Derk,Boswijk,CDA,lid Tweede Kamer,74246,390,13
2026,Boomsma,Diederik,Boomsma,JA21,lid Tweede Kamer,71168,658,44
2026,Tieman,Robert,Tieman,,minister van Infrastructuur en Waterstaat,70832,336,8
2026,Yeşilgöz-Zegerius,Dilan,Yeşilgöz-Zegerius,VVD,minister van Justitie en Veiligheid,70452,297,11
2026,Stoffer,Chris,Stoffer,SGP,lid Tweede Kamer,70199,663,46
2026,Van den Berg,Daniël,Berg,JA21,lid Tweede Kamer,70078,662,36
2026,Bertram,Annet,Bertram,,staatssecretaris van Infrastructuur en Waterstaat,69802,489,18
2026,De Hoop,Habtamu,Hoop,GroenLinks-PvdA,lid Tweede Kamer,69469,588,38
2026,Zwinkels,Jantine,Zwinkels,CDA,lid Tweede Kamer,69266,1210,40
2026,Sjoerdsma,Sjoerd,Sjoerdsma,D66,lid Tweede Kamer,68986,290,12
2026,Heutink,Hidde,Heutink,PVV,lid Tweede Kamer,63792,668,43
2026,Straatman,Jeltje,Straatman,CDA,lid Tweede Kamer,63621,386,45
2026,Van der Burg,Eric,Burg,VVD,staatssecretaris van Justitie en Veiligheid,63224,372,22
2026,Van Essen,Jaimi,Essen,,"minister van Landbouw, Visserij, Voedselzekerheid en Natuur",62818,608,12
2026,Bromet,Laura,Bromet,GroenLinks-PvdA,lid Tweede Kamer,62530,1817,38
2026,Van der Lee,Tom,Lee,GroenLinks-PvdA,lid Tweede Kamer,62233,1583,34
2026,de Groot,Peter,Groot,VVD,lid Tweede Kamer,62042,1103,34
2026,Klaver,Jesse,Klaver,GroenLinks,lid Tweede Kamer,61442,528,16
2026,Ergin,Doğukan,Ergin,DENK,lid Tweede Kamer,58972,527,39
2026,Piri,Kati,Piri,GroenLinks-PvdA,lid Tweede Kamer,58660,730,35
2026,Van Veldhoven-van der Meer,Stientje,Veldhoven-van,,minister van Klimaat en Groene Groei,57949,308,9
2026,Patijn,Mariëtte,Patijn,GroenLinks-PvdA,lid Tweede Kamer,57238,550,26
2026,Wiersma,Femke,Wiersma,BBB,"minister van Landbouw, Visserij, Voedselzekerheid en Natuur",56574,466,46
2026,Mohandis,Mohammed,Mohandis,GroenLinks-PvdA,lid Tweede Kamer,54851,1073,25
2026,Hoogeveen,Michiel,Hoogeveen,JA21,lid Tweede Kamer,54255,414,38
2026,van Dijk,Diederik,Dijk,SGP,lid Tweede Kamer,54142,464,51
2026,Rooderkerk,Ilana,Rooderkerk,D66,lid Tweede Kamer,53833,425,26
2026,Markuszower,Gidi,Markuszower,PVV,lid Tweede Kamer,53627,590,37
2026,Bushoff,Julian,Bushoff,GroenLinks-PvdA,lid Tweede Kamer,52240,412,29
2026,Van Asten,Robert,Asten,D66,lid Tweede Kamer,50350,419,29
2026,Paulusma,Wieke,Paulusma,D66,lid Tweede Kamer,50338,2416,27
2026,Claassen,René,Claassen,PVV,lid Tweede Kamer,49545,534,43
2026,Herbert,Heleen,Herbert,,minister van Economische Zaken en Klimaat,49089,276,10
2026,Van Brenk,Corrie,Brenk,50PLUS,lid Tweede Kamer,48655,469,37
2026,De Bat,Jo-Annes,Bat,,staatssecretaris van Klimaat en Groene Groei,48578,293,10
2026,Brekelmans,Ruben,Brekelmans,VVD,lid Tweede Kamer,48254,265,11
2026,Kathmann,Barbara,Kathmann,GroenLinks-PvdA,lid Tweede Kamer,48242,470,27
2026,Neijenhuis,Stephan,Neijenhuis,D66,lid Tweede Kamer,47606,355,23
2026,Struijs,Jan,Struijs,50PLUS,lid Tweede Kamer,47064,346,48
2026,Krul,Harmen,Krul,CDA,lid Tweede Kamer,46472,1186,37
2026,Clemminck,Ranjith,Clemminck,JA21,lid Tweede Kamer,46371,351,25
2026,Kisteman,Arend,Kisteman,VVD,lid Tweede Kamer,46128,661,32
2026,Den Hollander,Renate,Hollander,VVD,lid Tweede Kamer,45025,619,28
2026,Coenradie,Ingrid,Coenradie,JA21,staatssecretaris van Justitie en Veiligheid,44462,398,35
2026,Teunissen,Christine,Teunissen,PvdD,lid Tweede Kamer,44378,450,43
2026,Van Oosten,Foort,Oosten,VVD,lid Tweede Kamer,44303,270,5
2026,Kröger,Suzanne,Kröger,GroenLinks,lid Tweede Kamer,44157,551,31
2026,Aerdts,Willemijn,Aerdts,,staatssecretaris Digitale Economie en Soevereiniteit,43646,235,10
2026,Jumelet,Henk,Jumelet,CDA,lid Tweede Kamer,43348,336,34
2026,Nanninga,Annabel,Nanninga,JA21,lid Tweede Kamer,42510,333,29
2026,Faber,Marjolein,Faber,PVV,minister van Asiel en Migratie,42268,442,34
2026,Van Veldhoven-van der Meer,Stientje,Veldhoven,,minister van Klimaat en Groene Groei,40864,211,5
2026,Wendel,Hilde,Wendel,VVD,lid Tweede Kamer,40653,394,38
2026,Synhaeve,Marijke,Synhaeve,D66,lid Tweede Kamer,40294,594,23
2026,Klos,Felix,Klos,D66,lid Tweede Kamer,39974,369,26
2026,Van Ark,Elles,Ark,CDA,lid Tweede Kamer,39714,307,28
2026,Eerenberg,Eelco,Eerenberg,,staatssecretaris van Financiën,38993,189,9
2026,Paternotte,Jan,Paternotte,D66,lid Tweede Kamer,36417,317,10
2026,Boelsma-Hoekstra,Luciënne,Boelsma-Hoekstra,CDA,lid Tweede Kamer,36358,245,29
2026,Bontenbal,Henri,Bontenbal,CDA,lid Tweede Kamer,35852,304,8
2026,van Dijk,Inge,Dijk,CDA,lid Tweede Kamer,35816,289,30
2026,Maeijer,Vicky,Maeijer,PVV,lid Tweede Kamer,35694,261,31
2026,Sneller,Joost,Sneller,D66,lid Tweede Kamer,35077,346,27
2026,Goudzwaard,Maarten,Goudzwaard,JA21,lid Tweede Kamer,34766,352,33
2026,Van Oosterhout,Sjoukje,Oosterhout,GroenLinks-PvdA,lid Tweede Kamer,34570,347,29
2026,El Abassi,Ismail,Abassi,DENK,lid Tweede Kamer,34556,383,41
2026,Bruijn,Jan,Bruijn,,"minister van Volksgezondheid, Welzijn en Sport",33151,148,3
2026,Tseggai,Mikal,Tseggai,GroenLinks-PvdA,lid Tweede Kamer,31996,325,28
2026,Wilders,Geert,Wilders,PVV,lid Tweede Kamer,31309,207,13
2026,Koorevaar,Jan,Koorevaar,CDA,lid Tweede Kamer,31288,752,18
2026,Paul,Mariëlle,Paul,VVD,staatssecretaris Funderend Onderwijs en Emancipatie,31261,141,3
2026,Van Duijvenvoorde,Peter,Duijvenvoorde,FVD,lid Tweede Kamer,30930,244,29
2026,Steen,Hanneke,Steen,CDA,lid Tweede Kamer,30526,595,28
2026,Vellinga-Beemsterboer,Marieke,Vellinga-Beemsterboer,D66,lid Tweede Kamer,30424,542,21
2026,Bamenga,Mpanzu,Bamenga,D66,lid Tweede Kamer,30343,502,17
2026,Martens-America,Claire,Martens-America,VVD,lid Tweede Kamer,30233,273,29
2026,Podt,Anne-Marijke,Podt,D66,lid Tweede Kamer,29736,396,22
2026,Van Eijk,Wendy,Eijk,VVD,lid Tweede Kamer,29165,542,29
2026,Jansen,Chris,Jansen,PVV,staatssecretaris Openbaar Vervoer en Milieu,28899,394,29
2026,Oosterhuis,Henk-Jan,Oosterhuis,D66,lid Tweede Kamer,28737,395,21
2026,Stultiens,Luc,Stultiens,GroenLinks-PvdA,lid Tweede Kamer,28602,421,22
2026,Eerdmans,Joost,Eerdmans,JA21,lid Tweede Kamer,28594,385,18
2026,van den Brink,Tijs,Brink,CDA,lid Tweede Kamer,28235,283,33
2026,Ouwehand,Esther,Ouwehand,PvdD,lid Tweede Kamer,27915,247,12
2026,Schenk,Milan,Schenk,FVD,lid Tweede Kamer,27915,220,17
2026,Bosma,Martin,Bosma,PVV,lid Tweede Kamer,27586,201,13
2026,Van der Werf,Hanneke,Werf,D66,lid Tweede Kamer,27489,299,24
2026,Armut,Etkin,Armut,CDA,lid Tweede Kamer,27429,308,31
2026,Van Lanschot,Maes,Lanschot,CDA,lid Tweede Kamer,27239,276,28
2026,Mutluer,Songül,Mutluer,GroenLinks-PvdA,lid Tweede Kamer,26915,319,25
2026,Van Marum,Eddie,Marum,,staatssecretaris van Binnenlandse Zaken en Koninkrijksrelaties,26775,157,4
2026,Mulder,Edgar,Mulder,PVV,lid Tweede Kamer,26576,258,26
2026,de Vries,Aukje,Vries,VVD,lid Tweede Kamer,25843,202,3
2026,Moes,Gouke,Moes,,"minister van Onderwijs, Cultuur en Wetenschap",25402,302,5
2026,Van Meetelen,Rachel,Meetelen,PVV,lid Tweede Kamer,25279,272,26
2026,Boon,Maikel,Boon,PVV,lid Tweede Kamer,24742,169,26
2026,Graus,Dion,Graus,PVV,lid Tweede Kamer,24571,423,16
2026,Huizenga,Renilde,Huizenga,D66,lid Tweede Kamer,24017,596,18
2026,Schutz,Björn,Schutz,VVD,lid Tweede Kamer,23955,192,19
2026,Dekker,Ralf,Dekker,FVD,lid Tweede Kamer,23764,406,23
2026,Tijmstra,Eveline,Tijmstra,CDA,lid Tweede Kamer,23547,163,29
2026,Vliegenthart,Lisa,Vliegenthart,GroenLinks-PvdA,lid Tweede Kamer,23313,314,25
2026,Nobel,Jurgen,Nobel,VVD,staatssecretaris Participatie en Integratie,22820,210,20
2026,De Vos,Lidewij,Vos,FVD,lid Tweede Kamer,22631,231,15
2026,Müller,Alisha,Müller,VVD,lid Tweede Kamer,22502,203,27
2026,Vervuurt,Marc,Vervuurt,D66,lid Tweede Kamer,22391,175,18
2026,De Beer,Martin,Beer,VVD,lid Tweede Kamer,22103,153,25
2026,Abdi,Fatihya,Abdi,GroenLinks-PvdA,lid Tweede Kamer,22066,154,19
2026,Hamstra,Sarath,Hamstra,CDA,lid Tweede Kamer,21415,159,26
2026,Rijkaart,Frank,Rijkaart,,minister van Binnenlandse Zaken en Koninkrijksrelaties,21274,156,4
2026,Prickaertz,Erwin,Prickaertz,PVV,lid Tweede Kamer,20894,235,24
2026,Köse,Ulaş,Köse,D66,lid Tweede Kamer,20761,165,14
2026,El Boujdaini,Sarah,Boujdaini,D66,lid Tweede Kamer,20587,187,23
2026,Ten Hove,Tamara,Hove,Groep Markuszower,lid Tweede Kamer,20122,380,31
2026,Moinat,Nicole,Moinat,Groep Markuszower,lid Tweede Kamer,19592,156,32
2026,Heijnen,Eugène,Heijnen,,"staatssecretaris Fiscaliteit, Belastingdienst en Douane",19081,136,2
2026,Rutte,Arno,Rutte,VVD,lid Tweede Kamer,19076,124,4
2026,Zalinyan,Ani,Zalinyan,PRO,lid Tweede Kamer,19075,188,25
2026,Mooiman,Jeremy,Mooiman,PVV,lid Tweede Kamer,18960,153,24
2026,Kops,Alexander,Kops,PVV,lid Tweede Kamer,18942,130,27
2026,Verkuijlen,Ruud,Verkuijlen,VVD,lid Tweede Kamer,18818,176,22
2026,Becker,Bente,Becker,VVD,lid Tweede Kamer,18750,145,11
2026,Raijer,Annette,Raijer,PVV,lid Tweede Kamer,18535,321,25
2026,Vondeling,Marina,Vondeling,PVV,lid Tweede Kamer,18221,197,26
2026,Van Leijen,Robin,Leijen,D66,lid Tweede Kamer,16813,185,18
2026,Russcher,Tom,Russcher,FVD,lid Tweede Kamer,16750,272,41
2026,Maes,Nicole,Maes,VVD,lid Tweede Kamer,16023,179,23
2026,van Dijck,Tony,Dijck,PVV,lid Tweede Kamer,15883,153,8
2026,Bikkers,Bart,Bikkers,VVD,lid Tweede Kamer,15678,130,24
2026,Lahlah,Esmah,Lahlah,GroenLinks-PvdA,lid Tweede Kamer,15277,98,10
2026,De Roon,Raymond,Roon,PVV,lid Tweede Kamer,15158,179,20
2026,Lohman,Joris,Lohman,CDA,lid Tweede Kamer,15091,129,17
2026,Bühler,Judith,Bühler,CDA,lid Tweede Kamer,13502,117,18
2026,Biekman,Anouschka,Biekman,D66,lid Tweede Kamer,13398,290,13
2026,Oualhadj,Ouafa,Oualhadj,D66,lid Tweede Kamer,13052,105,9
2026,Huidekooper,Dion,Huidekooper,D66,lid Tweede Kamer,12897,195,11
2026,Mathlouti,Mahjoub,Mathlouti,D66,lid Tweede Kamer,12274,137,20
2026,Bevers,Harry,Bevers,VVD,lid Tweede Kamer,12234,68,14
2026,Stöteler,Sebastiaan,Stöteler,PVV,lid Tweede Kamer,11921,159,25
2026,Palmen-Schlangen,Sandra,Palmen-Schlangen,,staatssecretaris Herstel Toeslagen,10825,121,3
2026,Schilder,Shanna,Schilder,Groep Markuszower,lid Tweede Kamer,10613,82,23
2026,Belhirch,Fatimazhra,Belhirch,D66,lid Tweede Kamer,10522,134,7
2026,Van Meijeren,Gideon,Meijeren,FVD,lid Tweede Kamer,10259,72,8
2026,Jagtenberg,Michelle,Jagtenberg,D66,lid Tweede Kamer,9749,89,10
2026,Palmen,Sandra,Palmen,NSC,staatssecretaris Herstel en Toeslagen,9627,61,1
2026,Van der Maas,Erik,Maas,VVD,lid Tweede Kamer,9473,88,8
2026,Lammers,Annelotte,Lammers,Groep Markuszower,lid Tweede Kamer,9155,101,25
2026,Van Veldhoven-van der Meer,Stientje,Veldhoven,,minister van Klimaat en Groene Groei,9098,45,1
2026,Rajkowski,Queeny,Rajkowski,VVD,lid Tweede Kamer,8924,81,10
2026,Poortman,André,Poortman,CDA,lid Tweede Kamer,8457,53,9
2026,Vlottes,Elmar,Vlottes,PVV,lid Tweede Kamer,8437,53,14
2026,Van Groningen,Dieke,Groningen,VVD,lid Tweede Kamer,8322,60,9
2026,Pouw-Verweij,Nicki,Pouw-Verweij,JA21,lid Tweede Kamer,8237,39,2
2026,Dijk,Heera,Dijk,D66,lid Tweede Kamer,7756,80,11
2026,van Dijk,Emiel,Dijk,PVV,lid Tweede Kamer,7502,53,11
2026,Meulenkamp,Wim,Meulenkamp,VVD,lid Tweede Kamer,7290,106,9
2026,Jansen,Freek,Jansen,FVD,lid Tweede Kamer,7241,78,7
2026,Biekman,Anouchka,Biekman,D66,lid Tweede Kamer,7135,71,7
2026,Schoonis,Jan,Schoonis,D66,lid Tweede Kamer,6639,107,13
2026,Becking,Koen,Becking,,"staatssecretaris van Onderwijs, Cultuur en Wetenschap",5873,83,3
2026,Tuinman,Gijs,Tuinman,BBB,lid Tweede Kamer,5297,3,1
2026,Rummenie,Jean,Rummenie,,"staatssecretaris van Landbouw, Visserij, Voedselzekerheid en Natuur",4377,46,3
2026,Kummeling,Henk,Kummeling,,,3976,14,1
2026,Bolhuis,Wimar,Bolhuis,PRO,lid Tweede Kamer,3121,19,5
2026,Bijlsma,Bas,Bijlsma,,,2819,15,1
2026,Van Berkel,Nathalie,Berkel,D66,lid Tweede Kamer,2778,30,3
2026,Marijnissen,Lilian,Marijnissen,SP,lid Tweede Kamer,2530,8,1
2026,De Kort,Daan,Kort,VVD,lid Tweede Kamer,2175,18,3
2026,Kuijsters,Sjef,Kuijsters,,,2014,6,1
2026,Duisenberg,Pieter,Duisenberg,VVD,lid Tweede Kamer,1802,1,1
2026,Lawson,Rick,Lawson,,,1802,5,1
2026,Nijboer,Irene,Nijboer,,,1762,7,1
2026,Hoitinga,Peter,Hoitinga,,,1708,7,1
2026,De Lange,Sarah,Lange,,,1580,6,1
2026,Sonneveld,Merlijne,Sonneveld,,,1553,6,1
2026,Buhrer,Joeri,Buhrer,,,1543,3,1
2026,Plug,Margreet,Plug,,,1520,7,1
2026,Van Zutphen,Reinier,Zutphen,,Nationale ombudsman,1519,1,1
2026,Ganzevles,Josanne,Ganzevles,,,1430,7,1
2026,Zuydweg,Victor,Zuydweg,,,1423,7,1
2026,Klijn,Daniel,Klijn,,,1411,5,1
2026,Park,Sabine,Park,,,1320,5,1
2026,Kamsma,Wietske,Kamsma,,,1299,5,1
2026,Boekhoudt,Piet,Boekhoudt,,,1104,5,1
2026,Van Deursen,Alexander,Deursen,,,1101,5,1
2026,Naves,Henk,Naves,,,1037,5,1
2026,Azmani,Malik,Azmani,VVD,lid Tweede Kamer,979,2,1
2026,Van Lanschot,Reinier,Lanschot,EP/VOLT,lid Europees Parlement,942,5,1
2026,Van Breukelen,Merit,Breukelen,,,919,4,1
2026,Cohen Tervaert,Sophie,Cohen,,,912,4,1
2026,Lenaers,Jeroen,Lenaers,EP/CDA,lid Europees Parlement,891,2,1
2026,Gerbrandy,Gerben-Jan,Gerbrandy,EP/D66,lid Europees Parlement,888,2,1
2026,Sondervan,Karien,Sondervan,,,787,4,1
2026,Smit,Sander,Smit,EP/BBB,lid Europees Parlement,759,6,1
2026,Ruissen,Bert-Jan,Ruissen,EP/SGP,lid Europees Parlement,748,2,1
2026,Gotink,Dirk,Gotink,EP/NSC,lid Europees Parlement,736,1,1
2026,Chahim,Mohammed,Chahim,EP/PvdA,lid Europees Parlement,709,1,1
2026,Van Deijck,Claudia,Deijck,,,691,4,1
2026,Bolier,Wouter,Bolier,,,649,3,1
2026,Westera,Frederique,Westera,,,550,5,1
2025,Van Weel,David,Weel,,minister van Justitie en Veiligheid,324709,1707,49
2025,Hermans,Sophie,Hermans,VVD,"minister van Klimaat en Groene Groei, viceminister-president",306058,1421,34
2025,Grinwis,Pieter,Grinwis,ChristenUnie,lid Tweede Kamer,248917,1558,87
2025,Van Nispen,Michiel,Nispen,SP,lid Tweede Kamer,243250,1740,64
2025,Ceder,Don,Ceder,ChristenUnie,lid Tweede Kamer,219883,1671,86
2025,Struycken,Teun,Struycken,,staatssecretaris Rechtsbescherming,212034,877,33
2025,Heinen,Eelco,Heinen,VVD,minister van Financiën,207735,832,24
2025,Veldkamp,Caspar,Veldkamp,NSC,minister van Buitenlandse Zaken,198947,1130,28
2025,Keijzer,Mona,Keijzer,CDA,lid Tweede Kamer,197593,1019,32
2025,Bosma,Martin,Bosma,PVV,lid Tweede Kamer,187978,8327,70
2025,Karremans,Vincent,Karremans,,"staatssecretaris Jeugd, Preventie en Sport",186590,972,29
2025,Wiersma,Femke,Wiersma,BBB,"minister van Landbouw, Visserij, Voedselzekerheid en Natuur",174685,1053,23
2025,Flach,André,Flach,SGP,lid Tweede Kamer,171355,1177,71
2025,Brekelmans,Ruben,Brekelmans,VVD,lid Tweede Kamer,170423,611,30
2025,Schoof,Dick,Schoof,,"minister-president, minister van Algemene Zaken",162517,1023,22
2025,Van Campen,Thom,Campen,VVD,lid Tweede Kamer,161404,4414,66
2025,Uitermark,Judith,Uitermark,NSC,minister van Binnenlandse Zaken en Koninkrijksrelaties,161124,816,25
2025,Vermeer,Henk,Vermeer,BBB,lid Tweede Kamer,159906,1729,85
2025,Van Hijum,Eddy,Hijum,CDA,"minister van Sociale Zaken en Werkgelegenheid, viceminister-president",159103,859,26
2025,Van der Lee,Tom,Lee,GroenLinks-PvdA,lid Tweede Kamer,153077,4814,66
2025,Dobbe,Sarah,Dobbe,SP,lid Tweede Kamer,144816,1293,71
2025,Van der Plas,Caroline,Plas,BBB,lid Tweede Kamer,142219,1434,70
2025,Paternotte,Jan,Paternotte,D66,lid Tweede Kamer,141221,1401,64
2025,Jansen,Chris,Jansen,PVV,staatssecretaris Openbaar Vervoer en Milieu,140990,952,29
2025,Aartsen,Thierry,Aartsen,VVD,lid Tweede Kamer,140322,1047,26
2025,Paul,Mariëlle,Paul,VVD,staatssecretaris Funderend Onderwijs en Emancipatie,134835,678,23
2025,Beckerman,Sandra,Beckerman,SP,lid Tweede Kamer,134365,1039,67
2025,Bikker,Mirjam,Bikker,ChristenUnie,lid Tweede Kamer,128759,782,60
2025,Bruins,Eppo,Bruins,ChristenUnie,lid Tweede Kamer,127659,657,18
2025,Van Baarle,Stephan,Baarle,DENK,lid Tweede Kamer,125754,1198,74
2025,Tielen,Judith,Tielen,VVD,lid Tweede Kamer,119321,1638,48
2025,Van Oostenbruggen,Tjebbe,Oostenbruggen,NSC,lid Tweede Kamer,113586,487,18
2025,de Vries,Aukje,Vries,VVD,lid Tweede Kamer,113584,2050,43
2025,van Dijk,Inge,Dijk,CDA,lid Tweede Kamer,112011,954,58
2025,Ellian,Ulysse,Ellian,VVD,lid Tweede Kamer,111890,806,55
2025,Krul,Harmen,Krul,CDA,lid Tweede Kamer,111709,883,70
2025,Dassen,Laurens,Dassen,Volt,lid Tweede Kamer,111621,1110,73
2025,Boswijk,Derk,Boswijk,CDA,lid Tweede Kamer,111285,806,58
2025,Sneller,Joost,Sneller,D66,lid Tweede Kamer,110063,760,61
2025,de Groot,Peter,Groot,VVD,lid Tweede Kamer,109671,1581,62
2025,Kostić,Ines,Kostić,PvdD,lid Tweede Kamer,108117,1206,73
2025,Postma,Wytske,Postma,NSC,lid Tweede Kamer,107672,1824,52
2025,Bontenbal,Henri,Bontenbal,CDA,lid Tweede Kamer,107189,764,37
2025,Michon-Derkzen,Ingrid,Michon-Derkzen,VVD,lid Tweede Kamer,105930,1377,62
2025,Van Marum,Eddie,Marum,,staatssecretaris van Binnenlandse Zaken en Koninkrijksrelaties,105077,704,17
2025,De Hoop,Habtamu,Hoop,GroenLinks-PvdA,lid Tweede Kamer,104011,781,50
2025,Podt,Anne-Marijke,Podt,D66,lid Tweede Kamer,103851,1051,56
2025,Nobel,Jurgen,Nobel,VVD,staatssecretaris Participatie en Integratie,101359,556,22
2025,Paulusma,Wieke,Paulusma,D66,lid Tweede Kamer,100562,1859,46
2025,Dijk,Jimmy,Dijk,SP,lid Tweede Kamer,100249,846,62
2025,Madlener,Barry,Madlener,PVV,lid Tweede Kamer,99239,511,15
2025,Rooderkerk,Ilana,Rooderkerk,D66,lid Tweede Kamer,98945,799,55
2025,van Dijk,Diederik,Dijk,SGP,lid Tweede Kamer,98328,785,74
2025,Westerveld,Lisa,Westerveld,GroenLinks,lid Tweede Kamer,96213,588,49
2025,Eerdmans,Joost,Eerdmans,JA21,lid Tweede Kamer,95180,773,71
2025,Beljaarts,Dirk,Beljaarts,,minister van Economische Zaken,94804,485,20
2025,Stoffer,Chris,Stoffer,SGP,lid Tweede Kamer,94798,889,65
2025,Koops,Willem,Koops,NSC,lid Tweede Kamer,94704,912,42
2025,Agema,Fleur,Agema,PVV,lid Tweede Kamer,92308,669,15
2025,Thijssen,Joris,Thijssen,GroenLinks-PvdA,lid Tweede Kamer,91888,1769,43
2025,Van Oosten,Foort,Oosten,VVD,lid Tweede Kamer,88167,442,12
2025,Mutluer,Songül,Mutluer,GroenLinks-PvdA,lid Tweede Kamer,86379,648,57
2025,Bushoff,Julian,Bushoff,GroenLinks-PvdA,lid Tweede Kamer,81429,680,45
2025,Piri,Kati,Piri,GroenLinks-PvdA,lid Tweede Kamer,81197,915,58
2025,Yeşilgöz-Zegerius,Dilan,Yeşilgöz-Zegerius,VVD,minister van Justitie en Veiligheid,81126,471,17
2025,Ergin,Doğukan,Ergin,DENK,lid Tweede Kamer,79988,632,59
2025,Bromet,Laura,Bromet,GroenLinks-PvdA,lid Tweede Kamer,79082,1443,52
2025,Tuinman,Gijs,Tuinman,BBB,lid Tweede Kamer,78994,232,11
2025,Teunissen,Christine,Teunissen,PvdD,lid Tweede Kamer,78789,749,58
2025,Wijen-Nass,Marieke,Wijen-Nass,BBB,lid Tweede Kamer,78286,1077,65
2025,Faber,Marjolein,Faber,PVV,minister van Asiel en Migratie,77060,780,18
2025,Vijlbrief,Hans,Vijlbrief,D66,Lid Tweede Kamer,75843,1121,56
2025,Kröger,Suzanne,Kröger,GroenLinks,lid Tweede Kamer,74975,879,46
2025,El Abassi,Ismail,El,DENK,lid Tweede Kamer,73595,771,57
2025,Klever,Reinette,Klever,PVV,minister voor Buitenlandse Handel en Ontwikkelingshulp,72041,471,13
2025,van Dijk,Olger,Dijk,NSC,lid Tweede Kamer,71747,485,42
2025,Koekkoek,Marieke,Koekkoek,Volt,lid Tweede Kamer,70673,613,52
2025,Van der Burg,Eric,Burg,VVD,staatssecretaris van Justitie en Veiligheid,70671,819,56
2025,Van Houwelingen,Pepijn,Houwelingen,FVD,lid Tweede Kamer,69343,606,38
2025,Van Eijk,Wendy,Eijk,VVD,lid Tweede Kamer,68328,666,52
2025,Rummenie,Jean,Rummenie,,"staatssecretaris van Landbouw, Visserij, Voedselzekerheid en Natuur",67355,509,18
2025,Timmermans,Frans,Timmermans,GroenLinks-PvdA,lid Tweede Kamer,66900,472,24
2025,Kathmann,Barbara,Kathmann,GroenLinks-PvdA,lid Tweede Kamer,66825,366,39
2025,Szabó,Zsolt,Szabó,,staatssecretaris Koninkrijksrelaties en Digitalisering,66144,345,14
2025,Kamminga,Roelien,Kamminga,VVD,lid Tweede Kamer,64977,1475,31
2025,Six Dijkstra,Jesse,Six,NSC,lid Tweede Kamer,64610,468,44
2025,Mohandis,Mohammed,Mohandis,GroenLinks-PvdA,lid Tweede Kamer,63653,1546,29
2025,Holman,Harm,Holman,NSC,lid Tweede Kamer,62459,557,43
2025,Buijsse,Martijn,Buijsse,VVD,lid Tweede Kamer,61932,571,41
2025,Klaver,Jesse,Klaver,GroenLinks,lid Tweede Kamer,61816,980,28
2025,Stultiens,Luc,Stultiens,GroenLinks-PvdA,lid Tweede Kamer,59874,656,42
2025,Wilders,Geert,Wilders,PVV,lid Tweede Kamer,58653,361,17
2025,Kahraman,Isa,Kahraman,NSC,lid Tweede Kamer,58372,946,50
2025,Bamenga,Mpanzu,Bamenga,D66,lid Tweede Kamer,56964,508,47
2025,Van der Werf,Hanneke,Werf,D66,lid Tweede Kamer,56113,493,46
2025,Rutte,Arno,Rutte,VVD,lid Tweede Kamer,56092,262,10
2025,De Korte,Ria,Korte,NSC,lid Tweede Kamer,53366,572,38
2025,Boomsma,Diederik,Boomsma,JA21,lid Tweede Kamer,52898,366,43
2025,Boutkan,Willem,Boutkan,PVV,lid Tweede Kamer,52570,670,33
2025,Erkens,Silvio,Erkens,VVD,lid Tweede Kamer,52309,403,24
2025,Tieman,Robert,Tieman,,minister van Infrastructuur en Waterstaat,51830,314,11
2025,Omtzigt,Pieter,Omtzigt,CDA,lid Tweede Kamer,50194,281,21
2025,Rajkowski,Queeny,Rajkowski,VVD,lid Tweede Kamer,50192,517,45
2025,Jetten,Rob,Jetten,D66,lid Tweede Kamer,49596,333,23
2025,Nordkamp,Jimme,Nordkamp,GroenLinks-PvdA,lid Tweede Kamer,49160,798,25
2025,Martens-America,Claire,Martens-America,VVD,lid Tweede Kamer,49141,404,44
2025,Heijnen,Eugène,Heijnen,,"staatssecretaris Fiscaliteit, Belastingdienst en Douane",49123,300,6
2025,Bevers,Harry,Bevers,VVD,lid Tweede Kamer,48441,708,39
2025,Van Kent,Bart,Kent,SP,lid Tweede Kamer,48379,459,25
2025,Pouw-Verweij,Nicki,Pouw-Verweij,JA21,lid Tweede Kamer,48130,269,7
2025,Kisteman,Arend,Kisteman,VVD,lid Tweede Kamer,47057,525,35
2025,Patijn,Mariëtte,Patijn,GroenLinks-PvdA,lid Tweede Kamer,46845,542,31
2025,Veltman,Hester,Veltman,VVD,lid Tweede Kamer,46764,410,31
2025,Soepboer,Aant,Soepboer,NSC,lid Tweede Kamer,46738,449,28
2025,Vedder,Eline,Vedder,CDA,lid Tweede Kamer,46437,294,30
2025,Ouwehand,Esther,Ouwehand,PvdD,lid Tweede Kamer,45273,315,24
2025,Palmen,Sandra,Palmen,NSC,staatssecretaris Herstel en Toeslagen,42816,258,10
2025,Coenradie,Ingrid,Coenradie,JA21,staatssecretaris van Justitie en Veiligheid,42751,251,14
2025,Chakor,Glimina,Chakor,GroenLinks-PvdA,lid Tweede Kamer,41701,296,27
2025,Hirsch,Daniëlle,Hirsch,GroenLinks-PvdA,lid Tweede Kamer,40880,502,24
2025,Maeijer,Vicky,Maeijer,PVV,lid Tweede Kamer,40787,200,12
2025,Welzijn,Merlien,Welzijn,NSC,lid Tweede Kamer,40771,290,29
2025,Bruijn,Jan,Bruijn,,"minister van Volksgezondheid, Welzijn en Sport",40093,212,7
2025,Pierik,Cor,Pierik,BBB,lid Tweede Kamer,39472,362,41
2025,Heutink,Hidde,Heutink,PVV,lid Tweede Kamer,39197,443,30
2025,Bruyning,Faith,Bruyning,NSC,lid Tweede Kamer,38889,319,44
2025,Valize,Jan,Valize,PVV,lid Tweede Kamer,38883,771,25
2025,Becking,Koen,Becking,,"staatssecretaris van Onderwijs, Cultuur en Wetenschap",38179,313,6
2025,Baudet,Thierry,Baudet,FvD,lid Tweede Kamer,37823,333,25
2025,Becker,Bente,Becker,VVD,lid Tweede Kamer,37362,182,17
2025,Jansen,Daniëlle,Jansen,NSC,lid Tweede Kamer,37302,301,22
2025,Van Waveren,Alexander,Waveren,NSC,lid Tweede Kamer,36764,302,26
2025,Pool,Joeri,Pool,PVV,lid Tweede Kamer,36486,869,28
2025,Nijhof-Leeuw,Jeanet,Nijhof-Leeuw,PVV,lid Tweede Kamer,35216,1142,41
2025,De Vos,Lidewij,Vos,FVD,lid Tweede Kamer,34421,377,38
2025,Claassen,René,Claassen,PVV,lid Tweede Kamer,34269,363,37
2025,Kops,Alexander,Kops,PVV,lid Tweede Kamer,34022,192,31
2025,Gabriëls,Geert,Gabriëls,GroenLinks-PvdA,lid Tweede Kamer,33965,305,29
2025,Van Meijeren,Gideon,Meijeren,FVD,lid Tweede Kamer,33698,256,39
2025,Lahlah,Esmah,Lahlah,GroenLinks-PvdA,lid Tweede Kamer,33543,262,31
2025,Rijkaart,Frank,Rijkaart,,minister van Binnenlandse Zaken en Koninkrijksrelaties,33535,185,5
2025,Van Vroonhoven,Nicolien,Vroonhoven,NSC,lid Tweede Kamer,31684,449,24
2025,Graus,Dion,Graus,PVV,lid Tweede Kamer,31629,645,17
2025,Thiadens,Folkert,Thiadens,PVV,lid Tweede Kamer,31156,695,28
2025,van Dijk,Emiel,Dijk,PVV,lid Tweede Kamer,29604,310,32
2025,Saris,Ilse,Saris,NSC,lid Tweede Kamer,28068,275,26
2025,Uppelschoten,Nico,Uppelschoten,PVV,lid Tweede Kamer,26786,161,16
2025,Slagt-Tichelman,Elke,Slagt-Tichelman,GroenLinks-PvdA,lid Tweede Kamer,26569,170,22
2025,Idsinga,Folkert,Idsinga,NSC,lid Tweede Kamer,26137,366,23
2025,Van Zanten,Claudia,Zanten,BBB,lid Tweede Kamer,25695,262,32
2025,Aardema,Max,Aardema,PVV,lid Tweede Kamer,25393,827,27
2025,Mooiman,Jeremy,Mooiman,PVV,lid Tweede Kamer,25105,210,25
2025,Rikkers-Oosterkamp,Mariska,Rikkers-Oosterkamp,BBB,lid Tweede Kamer,23996,245,41
2025,Markuszower,Gidi,Markuszower,PVV,lid Tweede Kamer,23061,370,22
2025,Haage,Marleen,Haage,GroenLinks-PvdA,lid Tweede Kamer,22404,223,21
2025,Dekker,Ralf,Dekker,FVD,lid Tweede Kamer,21777,202,27
2025,White,Raoul,White,GroenLinks-PvdA,lid Tweede Kamer,21391,269,20
2025,Van Meetelen,Rachel,Meetelen,PVV,lid Tweede Kamer,21374,286,27
2025,De Vree,Henk,Vree,PVV,lid Tweede Kamer,21193,915,24
2025,Tseggai,Mikal,Tseggai,GroenLinks-PvdA,lid Tweede Kamer,20220,235,28
2025,van Dijck,Tony,Dijck,PVV,lid Tweede Kamer,20214,206,8
2025,Oostenbrink,Martin,Oostenbrink,BBB,lid Tweede Kamer,19952,184,36
2025,Moes,Gouke,Moes,,"minister van Onderwijs, Cultuur en Wetenschap",19923,192,6
2025,Dral,Rosemarijn,Dral,VVD,lid Tweede Kamer,19903,147,22
2025,Kouwenhoven,Bram,Kouwenhoven,NSC,lid Tweede Kamer,18790,140,15
2025,Joseph,Agnes,Joseph,NSC,lid Tweede Kamer,17649,145,13
2025,Ram,Dennis,Ram,PVV,lid Tweede Kamer,16895,190,19
2025,Vondeling,Marina,Vondeling,PVV,lid Tweede Kamer,16793,172,30
2025,Crijns,Patrick,Crijns,PVV,lid Tweede Kamer,16395,176,15
2025,Deen,Marco,Deen,PVV,lid Tweede Kamer,16359,139,24
2025,Meulenkamp,Wim,Meulenkamp,VVD,lid Tweede Kamer,16201,148,18
2025,Hoogeveen,Michiel,Hoogeveen,JA21,lid Tweede Kamer,15862,94,11
2025,De Roon,Raymond,Roon,PVV,lid Tweede Kamer,15847,241,24
2025,Hertzberger,Rosanne,Hertzberger,NSC,lid Tweede Kamer,15513,106,10
2025,Faddegon,Chris,Faddegon,PVV,lid Tweede Kamer,14786,271,12
2025,Knigge,Geert,Knigge,,Regeringscommissaris,14710,37,5
2025,De Kort,Daan,Kort,VVD,lid Tweede Kamer,14567,127,18
2025,Wingelaar,Natascha,Wingelaar,NSC,lid Tweede Kamer,14407,179,27
2025,Mulder,Edgar,Mulder,PVV,lid Tweede Kamer,13830,198,30
2025,Van den Hil,Jacqueline,Hil,VVD,lid Tweede Kamer,13299,101,10
2025,Boon,Maikel,Boon,PVV,lid Tweede Kamer,12970,136,16
2025,Bikkers,Bart,Bikkers,VVD,lid Tweede Kamer,12095,76,19
2025,Van der Velde,Martine,Velde,PVV,lid Tweede Kamer,12076,117,10
2025,Pijpelink,Anita,Pijpelink,GroenLinks-PvdA,lid Tweede Kamer,12008,73,7
2025,Heite,Annemarie,Heite,NSC,lid Tweede Kamer,11017,63,15
2025,Verkuijlen,Ruud,Verkuijlen,VVD,lid Tweede Kamer,10389,86,8
2025,Moorman,Marjolein,Moorman,GroenLinks-PvdA,lid Tweede Kamer,10376,66,5
2025,Van Haasen,Peter,Haasen,PVV,lid Tweede Kamer,10191,100,9
2025,Oosterhuis,Henk-Jan,Oosterhuis,D66,lid Tweede Kamer,9662,57,4
2025,Vlottes,Elmar,Vlottes,PVV,lid Tweede Kamer,9501,54,11
2025,Straatman,Jeltje,Straatman,CDA,lid Tweede Kamer,9152,54,8
2025,Verouden,Vincent,Verouden,NSC,lid Tweede Kamer,7498,49,6
2025,Richardson,Simone,Richardson,VVD,lid Tweede Kamer,7465,49,8
2025,Van den Brink,Bart,Brink,CDA,"minister van Asiel en Migratie, viceminister-president",6894,21,3
2025,Ceulemans,Simon,Ceulemans,JA21,lid Tweede Kamer,6836,65,8
2025,Struijs,Jan,Struijs,50PLUS,lid Tweede Kamer,6829,62,11
2025,Armut,Etkin,Armut,CDA,lid Tweede Kamer,6772,33,4
2025,Van den Berg,Daniël,Berg,JA21,lid Tweede Kamer,6573,66,10
2025,Van Oosterhout,Sjoukje,Oosterhout,GroenLinks-PvdA,lid Tweede Kamer,6164,53,6
2025,de Jong,Léon,Jong,PVV,lid Tweede Kamer,5795,33,2
2025,Smitskam,Peter,Smitskam,PVV,lid Tweede Kamer,5793,53,14
2025,Jumelet,Henk,Jumelet,CDA,lid Tweede Kamer,5726,37,6
2025,Koorevaar,Jan,Koorevaar,CDA,lid Tweede Kamer,5207,61,3
2025,Den Hollander,Renate,Hollander,VVD,lid Tweede Kamer,5055,57,9
2025,Klos,Felix,Klos,D66,lid Tweede Kamer,4924,36,5
2025,Van der Hoeff,Patrick,Hoeff,PVV,lid Tweede Kamer,4806,48,10
2025,Van Groningen,Dieke,Groningen,VVD,lid Tweede Kamer,4681,32,3
2025,Van de Koot,Sander,Koot,,,4380,22,1
2025,Neijenhuis,Stephan,Neijenhuis,D66,lid Tweede Kamer,4309,30,4
2025,El Abassi,Ismail,Abassi,DENK,lid Tweede Kamer,4161,76,7
2025,Köse,Ulaş,Köse,D66,lid Tweede Kamer,3976,20,3
2025,De Beer,Martin,Beer,VVD,lid Tweede Kamer,3943,32,4
2025,Reinhard,Esther,Reinhard,,,3892,32,1
2025,Hartsuiker,Jeroen,Hartsuiker,VVD,lid Tweede Kamer,3825,24,4
2025,Van Duijvenvoorde,Peter,Duijvenvoorde,FVD,lid Tweede Kamer,3738,29,7
2025,Koolmees,Wouter,Koolmees,D66,minister van Sociale Zaken en Werkgelegenheid,3735,6,1
2025,Clemminck,Ranjith,Clemminck,JA21,lid Tweede Kamer,3624,24,2
2025,Wendel,Hilde,Wendel,VVD,lid Tweede Kamer,3516,30,8
2025,Van Dooren,Ernie,Dooren,,,3430,16,1
2025,Van Berkel,Nathalie,Berkel,D66,lid Tweede Kamer,3336,33,6
2025,Van den Hengel,Rodney,Hengel,,,3328,10,1
2025,Bühler,Judith,Bühler,CDA,lid Tweede Kamer,3286,20,3
2025,Buma,Sybrand,Buma,,informateur,3283,2,1
2025,Stöteler,Sebastiaan,Stöteler,PVV,lid Tweede Kamer,3232,45,8
2025,van den Brink,Tijs,Brink,CDA,lid Tweede Kamer,3105,27,5
2025,Van Veen,Sisco,Veen,,,3000,7,1
2025,Blaauw,Reinder,Blaauw,PVV,lid Tweede Kamer,2942,29,7
2025,Raijer,Annette,Raijer,PVV,lid Tweede Kamer,2933,20,5
2025,Wienen,Jos,Wienen,,,2928,11,1
2025,Van ’t Hoff,Susanne,’t,,,2914,4,1
2025,Helder,Lilian,Helder,PVV,lid Tweede Kamer,2910,14,2
2025,Boerma,Hanneke,Boerma,,staatssecretaris Buitenlandse Handel,2829,21,1
2025,Van Zutphen,Reinier,Zutphen,,Nationale ombudsman,2698,2,1
2025,Kamphuis,Martine,Kamphuis,,,2586,27,1
2025,Croiset van Uchelen,Pim,Croiset,,,2578,27,1
2025,Nanninga,Annabel,Nanninga,JA21,lid Tweede Kamer,2562,19,4
2025,Van Lanschot,Maes,Lanschot,CDA,lid Tweede Kamer,2501,24,6
2025,Van Brenk,Corrie,Brenk,50PLUS,lid Tweede Kamer,2498,38,6
2025,Makhoukhi,Hilal,Makhoukhi,,,2485,14,1
2025,Schutz,Björn,Schutz,VVD,lid Tweede Kamer,2383,15,2
2025,Belhirch,Fatimazhra,Belhirch,D66,lid Tweede Kamer,2369,9,2
2025,Oualhadj,Ouafa,Oualhadj,D66,lid Tweede Kamer,2360,16,2
2025,Boone,Miranda,Boone,,,2325,9,1
2025,Goudzwaard,Maarten,Goudzwaard,JA21,lid Tweede Kamer,2155,19,5
2025,Huidekooper,Dion,Huidekooper,D66,lid Tweede Kamer,2129,21,4
2025,Van der Laan,Medy,Laan,,,2127,4,1
2025,Aben,Ivo,Aben,,,2066,4,1
2025,Hamstra,Sarath,Hamstra,CDA,lid Tweede Kamer,2040,13,4
2025,Wijbenga,Bert,Wijbenga,,,2018,7,1
2025,Bac,Johan,Bac,,,2009,8,1
2025,Beukema,Ellen,Beukema,,,1895,5,1
2025,Van Balkom,Ton,Balkom,,,1853,4,1
2025,Duisenberg,Pieter,Duisenberg,VVD,lid Tweede Kamer,1834,1,1
2025,Jansen,Freek,Jansen,FVD,lid Tweede Kamer,1717,25,4
2025,Van Ark,Elles,Ark,CDA,lid Tweede Kamer,1661,10,2
2025,Dijk,Heera,Dijk,D66,lid Tweede Kamer,1659,7,2
2025,Synhaeve,Marijke,Synhaeve,D66,lid Tweede Kamer,1620,19,3
2025,Vliegenthart,Lisa,Vliegenthart,GroenLinks-PvdA,lid Tweede Kamer,1587,23,5
2025,Pans,Esther,Pans,,,1514,4,1
2025,Boelsma-Hoekstra,Luciënne,Boelsma-Hoekstra,CDA,lid Tweede Kamer,1491,12,1
2025,Mennen,Marcel,Mennen,,,1487,5,1
2025,Moraal,Han,Moraal,,,1441,8,1
2025,Schweren,Lizanne,Schweren,,,1407,4,1
2025,Biekman,Anouchka,Biekman,D66,lid Tweede Kamer,1375,8,2
2025,Junger,Marianne,Junger,,,1375,3,1
2025,Sander,Caroline,Sander,,,1366,4,1
2025,Wolfsen,Aleid,Wolfsen,,,1347,2,1
2025,Ten Hove,Tamara,Hove,Groep Markuszower,lid Tweede Kamer,1338,14,3
2025,Zelensky,Volodymyr,Zelensky,,President van Oekraïne,1332,1,1
2025,Zwinkels,Jantine,Zwinkels,CDA,lid Tweede Kamer,1283,9,3
2025,Miles,Martin,Miles,,,1266,11,1
2025,Seighali,Mardjan,Seighali,,,1263,15,1
2025,Marijnissen,Radboud,Marijnissen,,,1237,2,1
2025,Van der Linden,Carlijn,Linden,,,1229,5,1
2025,Tijmstra,Eveline,Tijmstra,CDA,lid Tweede Kamer,1196,3,1
2025,Lammers,Annelotte,Lammers,Groep Markuszower,lid Tweede Kamer,1189,11,3
2025,Westeneng,Judith,Westeneng,,,1185,11,1
2025,Orhan,Kemal,Orhan,,,1146,5,1
2025,Van ter Beek,Fransien,Beek,,,1121,2,1
2025,Van Schendel,Matthijs,Schendel,,,1089,2,1
2025,Galic,Masa,Galic,,,1066,3,1
2025,Prickaertz,Erwin,Prickaertz,PVV,lid Tweede Kamer,1063,9,1
2025,Bongers,Henriëtte,Bongers,,,1057,2,1
2025,Nijhof,Paul,Nijhof,,,1022,4,1
2025,El Boujdaini,Sarah,Boujdaini,D66,lid Tweede Kamer,1017,14,4
2025,Oosterheert,Anne,Oosterheert,,,1007,3,1
2025,Berendsen,Tom,Berendsen,EP/CDA,minister van Buitenlandse Zaken,1002,2,1
2025,Berghuis,Maria,Berghuis,,,990,5,1
2025,Buisman,Sanne,Buisman,,,980,2,1
2025,Teeven,Fred,Teeven,VVD,staatssecretaris van Veiligheid en Justitie,979,7,1
2025,Gerbrandy,Gerben-Jan,Gerbrandy,EP/D66,lid Europees Parlement,973,2,1
2025,Azmani,Malik,Azmani,VVD,lid Tweede Kamer,972,4,1
2025,Vervuurt,Marc,Vervuurt,D66,lid Tweede Kamer,933,6,2
2025,Van Sparrentak,Kim,Sparrentak,EP/GroenLinks-PvdA,lid Europees Parlement,927,2,1
2025,Strolenberg,Anna,Strolenberg,EP/Volt,lid Europees Parlement,886,2,1
2025,Ruissen,Bert-Jan,Ruissen,EP/SGP,lid Europees Parlement,875,2,1
2025,Smit,Sander,Smit,EP/BBB,lid Europees Parlement,867,2,1
2025,Molenaar,Sandra,Molenaar,,algemeen directeur van de Consumentenbond,828,2,1
2025,Gotink,Dirk,Gotink,EP/NSC,lid Europees Parlement,813,2,1
2025,Abdi,Fatihya,Abdi,GroenLinks-PvdA,lid Tweede Kamer,762,12,4
2025,Esser,Eric,Esser,PVV,lid Tweede Kamer,733,2,2
2025,Kostic,Ines,Kostic,PvdD,lid Tweede Kamer,708,19,1
2025,Van Eekelen,Kim,Van,,,687,1,1
2025,Schilder,Shanna,Schilder,Groep Markuszower,lid Tweede Kamer,667,7,3
2025,Huizenga,Renilde,Huizenga,D66,lid Tweede Kamer,559,2,1
2025,Yung,R.,Yung,,,549,1,1
2025,Yung,Ramón,Yung,,,436,1,1
2025,Larmonie-Cecilia,Ruthmilda,Larmonie-Cecilia,,,362,1,1
2025,Mieremet,Esther,Mieremet,,,337,1,1
2025,Ergin,Dogukan,Ergin,DENK,lid Tweede Kamer,252,17,1
2025,Vellinga-Beemsterboer,Marieke,Vellinga-Beemsterboer,D66,lid Tweede Kamer,223,12,3
2025,Van der Wal,Christianne,Wal,VVD,minister voor Natuur en Stikstof,163,1,1
2025,Eichelsheim,Onno,Eichelsheim,,,144,1,1
2025,Oskam,Peter,Oskam,CDA,Lid Tweede Kamer,122,3,1
2025,Moinat,Nicole,Moinat,Groep Markuszower,lid Tweede Kamer,86,3,2
2025,Van Asten,Robert,Asten,D66,lid Tweede Kamer,81,1,1
2025,Zalinyan,Ani,Zalinyan,PRO,lid Tweede Kamer,66,3,2
2025,Steen,Hanneke,Steen,CDA,lid Tweede Kamer,66,1,1
2025,Ambtenaar,x,Ambtenaar,,,47,2,1
2025,Ambtenaar,Ambtenaar,Ambtenaar,,,42,1,1
2025,Rep,Robert,Rep,PVV,lid Tweede Kamer,39,2,1
2025,Jansen,Frederik,Jansen,FVD,lid Tweede Kamer,3,1,1
2025,Dekker,Roelof,Dekker,FVD,lid Tweede Kamer,2,1,1
2024,De Jonge,Hugo,Jonge,,"minister van Volksgezondheid, Welzijn en Sport",255080,842,25
2024,Grinwis,Pieter,Grinwis,ChristenUnie,lid Tweede Kamer,232024,1651,98
2024,Yeşilgöz-Zegerius,Dilan,Yeşilgöz-Zegerius,VVD,minister van Justitie en Veiligheid,221679,1075,32
2024,Bosma,Martin,Bosma,PVV,lid Tweede Kamer,219384,11383,94
2024,Ceder,Don,Ceder,ChristenUnie,lid Tweede Kamer,218017,1740,84
2024,Van Nispen,Michiel,Nispen,SP,lid Tweede Kamer,214787,1971,66
2024,Jetten,Rob,Jetten,D66,lid Tweede Kamer,211689,973,37
2024,Paternotte,Jan,Paternotte,D66,lid Tweede Kamer,201678,1871,87
2024,Heinen,Eelco,Heinen,VVD,minister van Financiën,192184,845,28
2024,Van der Lee,Tom,Lee,GroenLinks-PvdA,lid Tweede Kamer,182289,5950,79
2024,Beckerman,Sandra,Beckerman,SP,lid Tweede Kamer,163031,1694,78
2024,Flach,André,Flach,SGP,lid Tweede Kamer,158989,1086,88
2024,Paul,Mariëlle,Paul,VVD,staatssecretaris Funderend Onderwijs en Emancipatie,158072,696,24
2024,Van Hijum,Eddy,Hijum,CDA,"minister van Sociale Zaken en Werkgelegenheid, viceminister-president",157544,955,37
2024,Veldkamp,Caspar,Veldkamp,NSC,minister van Buitenlandse Zaken,152972,828,44
2024,Madlener,Barry,Madlener,PVV,lid Tweede Kamer,152281,910,29
2024,Van Baarle,Stephan,Baarle,DENK,lid Tweede Kamer,150338,1319,76
2024,Agema,Fleur,Agema,PVV,lid Tweede Kamer,144584,1397,37
2024,Dijk,Jimmy,Dijk,SP,lid Tweede Kamer,143864,1139,75
2024,Eerdmans,Joost,Eerdmans,JA21,lid Tweede Kamer,138781,1064,97
2024,Keijzer,Mona,Keijzer,CDA,lid Tweede Kamer,136367,1012,50
2024,Hermans,Sophie,Hermans,VVD,"minister van Klimaat en Groene Groei, viceminister-president",136326,872,23
2024,Bikker,Mirjam,Bikker,ChristenUnie,lid Tweede Kamer,135434,791,63
2024,Kamminga,Roelien,Kamminga,VVD,lid Tweede Kamer,135279,3514,61
2024,Krul,Harmen,Krul,CDA,lid Tweede Kamer,134526,1083,79
2024,Boswijk,Derk,Boswijk,CDA,lid Tweede Kamer,133070,1027,71
2024,Van der Plas,Caroline,Plas,BBB,lid Tweede Kamer,132366,1105,66
2024,Adema,Piet,Adema,,"minister van Landbouw, Natuur en Voedselkwaliteit",131355,759,19
2024,Brekelmans,Ruben,Brekelmans,VVD,lid Tweede Kamer,128391,778,51
2024,Van Weel,David,Weel,,minister van Justitie en Veiligheid,127185,606,22
2024,Tielen,Judith,Tielen,VVD,lid Tweede Kamer,125783,2685,74
2024,Koekkoek,Marieke,Koekkoek,Volt,lid Tweede Kamer,124637,968,76
2024,Maatoug,Senna,Maatoug,GroenLinks,lid Tweede Kamer,123977,693,27
2024,Bruins Slot,Hanke,Bruins,CDA,lid Tweede Kamer,123820,603,24
2024,Dobbe,Sarah,Dobbe,SP,lid Tweede Kamer,121738,1062,68
2024,Harbers,Mark,Harbers,VVD,lid Tweede Kamer,120474,431,16
2024,Vermeer,Henk,Vermeer,BBB,lid Tweede Kamer,118453,1321,80
2024,Jansen,Chris,Jansen,PVV,staatssecretaris Openbaar Vervoer en Milieu,118060,662,16
2024,Kostić,Ines,Kostić,PvdD,lid Tweede Kamer,117864,1131,67
2024,Heijnen,Vivianne,Heijnen,,staatssecretaris van Infrastructuur en Waterstaat,117260,569,21
2024,de Groot,Peter,Groot,VVD,lid Tweede Kamer,117151,1841,55
2024,Dijkgraaf,Robbert,Dijkgraaf,,"minister van Onderwijs, Cultuur en Wetenschap",116476,345,14
2024,Van Gennip,Karien,Gennip,,minister van Sociale Zaken en Werkgelegenheid,115463,449,11
2024,De Hoop,Habtamu,Hoop,GroenLinks-PvdA,lid Tweede Kamer,112876,906,58
2024,Weerwind,Franc,Weerwind,,minister voor Rechtsbescherming,112455,504,18
2024,Dijkstra,Pia,Dijkstra,D66,lid Tweede Kamer,112360,523,22
2024,Van Campen,Thom,Campen,VVD,lid Tweede Kamer,112092,1011,55
2024,Wiersma,Femke,Wiersma,BBB,"minister van Landbouw, Visserij, Voedselzekerheid en Natuur",111781,596,13
2024,Dassen,Laurens,Dassen,Volt,lid Tweede Kamer,111624,954,68
2024,Sneller,Joost,Sneller,D66,lid Tweede Kamer,111536,1114,64
2024,Bontenbal,Henri,Bontenbal,CDA,lid Tweede Kamer,110831,862,44
2024,Van Houwelingen,Pepijn,Houwelingen,FVD,lid Tweede Kamer,110809,863,70
2024,Stoffer,Chris,Stoffer,SGP,lid Tweede Kamer,110500,851,69
2024,Piri,Kati,Piri,GroenLinks-PvdA,lid Tweede Kamer,107485,1070,65
2024,Tuinman,Gijs,Tuinman,BBB,lid Tweede Kamer,107109,635,40
2024,Helder,Conny,Helder,,minister voor Langdurige Zorg en Sport,106942,462,14
2024,Erkens,Silvio,Erkens,VVD,lid Tweede Kamer,106606,908,54
2024,van Dijk,Inge,Dijk,CDA,lid Tweede Kamer,106174,882,64
2024,Van Weyenberg,Steven,Weyenberg,D66,lid Tweede Kamer,106006,403,15
2024,Van der Burg,Eric,Burg,VVD,staatssecretaris van Justitie en Veiligheid,102559,578,31
2024,Ellian,Ulysse,Ellian,VVD,lid Tweede Kamer,101887,794,52
2024,Kröger,Suzanne,Kröger,GroenLinks,lid Tweede Kamer,101620,948,45
2024,Schoof,Dick,Schoof,,"minister-president, minister van Algemene Zaken",101178,876,7
2024,Paulusma,Wieke,Paulusma,D66,lid Tweede Kamer,99785,1662,63
2024,Teunissen,Christine,Teunissen,PvdD,lid Tweede Kamer,97010,854,65
2024,Bruins,Eppo,Bruins,ChristenUnie,lid Tweede Kamer,96694,505,10
2024,Beljaarts,Dirk,Beljaarts,,minister van Economische Zaken,95451,487,17
2024,Adriaansens,Micky,Adriaansens,,minister van Economische Zaken en Klimaat,94032,410,17
2024,Podt,Anne-Marijke,Podt,D66,lid Tweede Kamer,93549,779,61
2024,Postma,Wytske,Postma,NSC,lid Tweede Kamer,92614,1048,44
2024,Michon-Derkzen,Ingrid,Michon-Derkzen,VVD,lid Tweede Kamer,90236,1289,61
2024,Van Ooijen,Maarten,Ooijen,,"staatssecretaris van Volksgezondheid, Welzijn en Sport",90217,486,13
2024,van Dijk,Olger,Dijk,NSC,lid Tweede Kamer,89786,571,61
2024,Westerveld,Lisa,Westerveld,GroenLinks,lid Tweede Kamer,89738,545,51
2024,Bushoff,Julian,Bushoff,GroenLinks-PvdA,lid Tweede Kamer,88706,753,56
2024,Karremans,Vincent,Karremans,,"staatssecretaris Jeugd, Preventie en Sport",86192,482,14
2024,Van Oostenbruggen,Tjebbe,Oostenbruggen,NSC,lid Tweede Kamer,85734,1107,49
2024,Van der Maat,Christophe,Maat,,staatssecretaris van Defensie,85534,261,10
2024,Aartsen,Thierry,Aartsen,VVD,lid Tweede Kamer,82695,748,37
2024,Uitermark,Judith,Uitermark,NSC,minister van Binnenlandse Zaken en Koninkrijksrelaties,79655,530,31
2024,Heutink,Hidde,Heutink,PVV,lid Tweede Kamer,79043,769,46
2024,Thijssen,Joris,Thijssen,GroenLinks-PvdA,lid Tweede Kamer,78910,1627,47
2024,Rooderkerk,Ilana,Rooderkerk,D66,lid Tweede Kamer,77979,622,48
2024,Vijlbrief,Hans,Vijlbrief,D66,Lid Tweede Kamer,77879,1071,39
2024,Van der Wal,Christianne,Wal,VVD,minister voor Natuur en Stikstof,76843,385,23
2024,Faber,Marjolein,Faber,PVV,minister van Asiel en Migratie,76679,810,12
2024,Ergin,Doğukan,Ergin,DENK,lid Tweede Kamer,76556,588,54
2024,van Dijk,Diederik,Dijk,SGP,lid Tweede Kamer,76379,725,68
2024,Soepboer,Aant,Soepboer,NSC,lid Tweede Kamer,76149,722,41
2024,Vedder,Eline,Vedder,CDA,lid Tweede Kamer,76135,452,58
2024,Wilders,Geert,Wilders,PVV,lid Tweede Kamer,76100,591,15
2024,Ouwehand,Esther,Ouwehand,PvdD,lid Tweede Kamer,74331,528,38
2024,Bamenga,Mpanzu,Bamenga,D66,lid Tweede Kamer,73803,669,68
2024,Rutte,Mark,Rutte,VVD,"minister-president, minister van Algemene Zaken",73358,471,11
2024,Schouten,Carola,Schouten,ChristenUnie,"minister van Landbouw, Natuur en Voedselkwaliteit",72193,296,10
2024,Omtzigt,Pieter,Omtzigt,CDA,lid Tweede Kamer,71449,510,25
2024,Timmermans,Frans,Timmermans,GroenLinks-PvdA,lid Tweede Kamer,70594,483,26
2024,Ollongren,Kajsa,Ollongren,,"minister van Binnenlandse Zaken en Koninkrijksrelaties, viceminister-president",68602,231,11
2024,Bromet,Laura,Bromet,GroenLinks-PvdA,lid Tweede Kamer,67476,937,59
2024,Mutluer,Songül,Mutluer,GroenLinks-PvdA,lid Tweede Kamer,66613,495,56
2024,Holman,Harm,Holman,NSC,lid Tweede Kamer,66146,526,42
2024,El Abassi,Ismail,El,DENK,lid Tweede Kamer,65124,723,69
2024,Graus,Dion,Graus,PVV,lid Tweede Kamer,63997,1647,22
2024,Kahraman,Isa,Kahraman,NSC,lid Tweede Kamer,63505,828,47
2024,Struycken,Teun,Struycken,,staatssecretaris Rechtsbescherming,61687,339,14
2024,Six Dijkstra,Jesse,Six,NSC,lid Tweede Kamer,61541,459,57
2024,Claassen,René,Claassen,PVV,lid Tweede Kamer,60525,526,55
2024,Van Huffelen,Alexandra,Huffelen,,staatssecretaris Koninkrijksrelaties en Digitalisering,58819,202,9
2024,Veltman,Hester,Veltman,VVD,lid Tweede Kamer,58100,403,48
2024,Martens-America,Claire,Martens-America,VVD,lid Tweede Kamer,57062,398,48
2024,Van Rij,Marnix,Rij,,staatssecretaris Fiscaliteit en Belastingdienst,56917,212,12
2024,Nobel,Jurgen,Nobel,VVD,staatssecretaris Participatie en Integratie,56616,276,10
2024,Van Kent,Bart,Kent,SP,lid Tweede Kamer,56489,625,43
2024,Pierik,Cor,Pierik,BBB,lid Tweede Kamer,54867,444,49
2024,Hertzberger,Rosanne,Hertzberger,NSC,lid Tweede Kamer,53088,401,34
2024,Helder,Lilian,Helder,PVV,lid Tweede Kamer,52927,410,54
2024,Kathmann,Barbara,Kathmann,GroenLinks-PvdA,lid Tweede Kamer,52849,356,31
2024,Mohandis,Mohammed,Mohandis,GroenLinks-PvdA,lid Tweede Kamer,52234,991,22
2024,Baudet,Thierry,Baudet,FvD,lid Tweede Kamer,52093,444,29
2024,Maeijer,Vicky,Maeijer,PVV,lid Tweede Kamer,51317,294,13
2024,Jansen,Daniëlle,Jansen,NSC,lid Tweede Kamer,49624,457,59
2024,Van Vroonhoven,Nicolien,Vroonhoven,NSC,lid Tweede Kamer,48415,1028,36
2024,Gabriëls,Geert,Gabriëls,GroenLinks-PvdA,lid Tweede Kamer,48406,442,37
2024,Stultiens,Luc,Stultiens,GroenLinks-PvdA,lid Tweede Kamer,47686,482,44
2024,Nordkamp,Jimme,Nordkamp,GroenLinks-PvdA,lid Tweede Kamer,47028,522,30
2024,Van Zanten,Claudia,Zanten,BBB,lid Tweede Kamer,46351,393,50
2024,Van Eijk,Wendy,Eijk,VVD,lid Tweede Kamer,45030,427,38
2024,Klever,Reinette,Klever,PVV,minister voor Buitenlandse Handel en Ontwikkelingshulp,43540,334,9
2024,Van Meijeren,Gideon,Meijeren,FVD,lid Tweede Kamer,43290,304,33
2024,Coenradie,Ingrid,Coenradie,JA21,staatssecretaris van Justitie en Veiligheid,42688,260,11
2024,Pool,Joeri,Pool,PVV,lid Tweede Kamer,42663,918,36
2024,De Roon,Raymond,Roon,PVV,lid Tweede Kamer,42374,686,36
2024,Joseph,Agnes,Joseph,NSC,lid Tweede Kamer,41869,397,41
2024,Nijhof-Leeuw,Jeanet,Nijhof-Leeuw,PVV,lid Tweede Kamer,40824,893,42
2024,Szabó,Zsolt,Szabó,,staatssecretaris Koninkrijksrelaties en Digitalisering,40685,220,7
2024,Rummenie,Jean,Rummenie,,"staatssecretaris van Landbouw, Visserij, Voedselzekerheid en Natuur",40191,322,11
2024,de Groot,Tjeerd,Groot,D66,lid Tweede Kamer,39626,485,26
2024,Van der Werf,Hanneke,Werf,D66,lid Tweede Kamer,38528,312,45
2024,de Vries,Aukje,Vries,VVD,lid Tweede Kamer,37856,483,22
2024,Patijn,Mariëtte,Patijn,GroenLinks-PvdA,lid Tweede Kamer,37130,360,35
2024,Van Marum,Eddie,Marum,,staatssecretaris van Binnenlandse Zaken en Koninkrijksrelaties,36327,228,4
2024,Becker,Bente,Becker,VVD,lid Tweede Kamer,35978,224,23
2024,Zeedijk,Femke,Zeedijk,NSC,lid Tweede Kamer,35909,397,37
2024,Idsinga,Folkert,Idsinga,NSC,lid Tweede Kamer,35681,365,33
2024,Welzijn,Merlien,Welzijn,NSC,lid Tweede Kamer,35071,282,34
2024,Palmen,Sandra,Palmen,NSC,staatssecretaris Herstel en Toeslagen,34467,274,39
2024,Slagt-Tichelman,Elke,Slagt-Tichelman,GroenLinks-PvdA,lid Tweede Kamer,34362,279,32
2024,Achahbar,Nora,Achahbar,,staatssecretaris Toeslagen en Douane,34150,156,5
2024,Klaver,Jesse,Klaver,GroenLinks,lid Tweede Kamer,33788,568,16
2024,Boutkan,Willem,Boutkan,PVV,lid Tweede Kamer,33625,533,26
2024,Markuszower,Gidi,Markuszower,PVV,lid Tweede Kamer,33125,932,31
2024,Pijpelink,Anita,Pijpelink,GroenLinks-PvdA,lid Tweede Kamer,32469,412,22
2024,Bruyning,Faith,Bruyning,NSC,lid Tweede Kamer,31903,257,37
2024,Chakor,Glimina,Chakor,GroenLinks-PvdA,lid Tweede Kamer,30281,219,27
2024,Hirsch,Daniëlle,Hirsch,GroenLinks-PvdA,lid Tweede Kamer,30226,245,27
2024,Lahlah,Esmah,Lahlah,GroenLinks-PvdA,lid Tweede Kamer,29328,196,43
2024,De Vries,Aukje,De,,staatssecretaris Toeslagen en Douane,28245,150,4
2024,Van Leeuwen,Geoffrey,Leeuwen,,minister voor Buitenlandse Handel en Ontwikkelingssamenwerking,27683,228,6
2024,De Kort,Daan,Kort,VVD,lid Tweede Kamer,27610,261,31
2024,Kops,Alexander,Kops,PVV,lid Tweede Kamer,26746,174,25
2024,Mulder,Edgar,Mulder,PVV,lid Tweede Kamer,25761,264,32
2024,Rajkowski,Queeny,Rajkowski,VVD,lid Tweede Kamer,25527,302,26
2024,Buijsse,Martijn,Buijsse,VVD,lid Tweede Kamer,25301,235,17
2024,van Dijk,Emiel,Dijk,PVV,lid Tweede Kamer,24694,356,27
2024,Van der Burg,Erik,Burg,,staatssecretaris van Justitie en Veiligheid,24313,118,3
2024,Van den Hil,Jacqueline,Hil,VVD,lid Tweede Kamer,23344,251,16
2024,Boomsma,Diederik,Boomsma,JA21,lid Tweede Kamer,23051,162,20
2024,Yesilgöz-Zegerius,Dilan,Yesilgöz-Zegerius,VVD,minister van Justitie en Veiligheid,23040,117,2
2024,Crijns,Patrick,Crijns,PVV,lid Tweede Kamer,23029,200,18
2024,Kisteman,Arend,Kisteman,VVD,lid Tweede Kamer,22647,294,27
2024,Wijen-Nass,Marieke,Wijen-Nass,BBB,lid Tweede Kamer,21472,289,28
2024,de Jong,Léon,Jong,PVV,lid Tweede Kamer,21377,276,13
2024,Rikkers-Oosterkamp,Mariska,Rikkers-Oosterkamp,BBB,lid Tweede Kamer,21344,214,33
2024,Aardema,Max,Aardema,PVV,lid Tweede Kamer,20938,630,27
2024,Tseggai,Mikal,Tseggai,GroenLinks-PvdA,lid Tweede Kamer,20707,182,28
2024,Synhaeve,Marijke,Synhaeve,D66,lid Tweede Kamer,19993,192,15
2024,Ram,Dennis,Ram,PVV,lid Tweede Kamer,19849,167,20
2024,Valize,Jan,Valize,PVV,lid Tweede Kamer,19630,280,17
2024,Deen,Marco,Deen,PVV,lid Tweede Kamer,19573,182,23
2024,Schreinemacher,Liesje,Schreinemacher,,minister voor Buitenlandse Handel en Ontwikkelingssamenwerking,19406,114,4
2024,Van der Hoeff,Patrick,Hoeff,PVV,lid Tweede Kamer,19339,119,20
2024,Faber-van de Klashorst,Marjolein,Faber-van,PVV,lid Tweede Kamer,18259,157,17
2024,Boon,Maikel,Boon,PVV,lid Tweede Kamer,17629,125,23
2024,Van Meetelen,Rachel,Meetelen,PVV,lid Tweede Kamer,16848,138,24
2024,Vlottes,Elmar,Vlottes,PVV,lid Tweede Kamer,16385,136,24
2024,Bevers,Harry,Bevers,VVD,lid Tweede Kamer,15894,345,12
2024,Mooiman,Jeremy,Mooiman,PVV,lid Tweede Kamer,15849,139,21
2024,De Vree,Henk,Vree,PVV,lid Tweede Kamer,15291,442,19
2024,Meulenkamp,Wim,Meulenkamp,VVD,lid Tweede Kamer,14119,159,21
2024,Vondeling,Marina,Vondeling,PVV,lid Tweede Kamer,13857,150,23
2024,Van der Velde,Martine,Velde,PVV,lid Tweede Kamer,13501,98,9
2024,Blaauw,Reinder,Blaauw,PVV,lid Tweede Kamer,13369,110,19
2024,White,Raoul,White,GroenLinks-PvdA,lid Tweede Kamer,13067,106,13
2024,Saris,Ilse,Saris,NSC,lid Tweede Kamer,13047,140,11
2024,Gräper-van Koolwijk,Fleur,Gräper-van,,staatssecretaris Cultuur en Media,12554,60,5
2024,Uppelschoten,Nico,Uppelschoten,PVV,lid Tweede Kamer,11541,65,9
2024,Heite,Annemarie,Heite,NSC,lid Tweede Kamer,11538,63,10
2024,van Dijck,Tony,Dijck,PVV,lid Tweede Kamer,11326,102,5
2024,Thiadens,Folkert,Thiadens,PVV,lid Tweede Kamer,9876,211,12
2024,Wingelaar,Natascha,Wingelaar,NSC,lid Tweede Kamer,9645,68,13
2024,Van Haasen,Peter,Haasen,PVV,lid Tweede Kamer,8405,74,9
2024,El Abassi,Ismail,Abassi,DENK,lid Tweede Kamer,7415,83,7
2024,Dekker,Ralf,Dekker,FVD,lid Tweede Kamer,7013,58,8
2024,Dral,Rosemarijn,Dral,VVD,lid Tweede Kamer,6144,52,7
2024,Faddegon,Chris,Faddegon,PVV,lid Tweede Kamer,5367,95,4
2024,Kostic,Ines,Kostic,PvdD,lid Tweede Kamer,5242,73,8
2024,Wolf,Floris,Wolf,,,5146,28,1
2024,Plasterk,Ronald,Plasterk,,minister van Binnenlandse Zaken en Koninkrijksrelaties,4163,12,1
2024,Velthof,Gerard,Velthof,,,3923,47,1
2024,Van der Kroon,Bram,Kroon,,,2865,9,1
2024,Rep,Robert,Rep,PVV,lid Tweede Kamer,2811,33,2
2024,Mercelina,Gwendel,Mercelina,,bijzonder gedelegeerde,2597,8,1
2024,Van Zutphen,Reinier,Zutphen,,Nationale ombudsman,2503,1,1
2024,Putters,Kim,Putters,,oud-informateur,2440,4,1
2024,Dronkers,Wouter,Dronkers,,,2374,5,1
2024,Jansen,Arnoud,Jansen,,,2309,8,1
2024,Koops,Willem,Koops,NSC,lid Tweede Kamer,2118,12,4
2024,Koekkoek,Bauke,Koekkoek,,,2073,8,1
2024,Schouten,Anja,Schouten,,,2025,5,1
2024,Knol,Janny,Knol,,,1934,4,1
2024,Smitskam,Peter,Smitskam,PVV,lid Tweede Kamer,1923,14,6
2024,Ergin,Dogukan,Ergin,DENK,lid Tweede Kamer,1916,31,6
2024,Duisenberg,Pieter,Duisenberg,VVD,lid Tweede Kamer,1852,2,1
2024,Van Mierlo,Eugène,Mierlo,,,1669,3,1
2024,Blom,Albert,Blom,,,1646,4,1
2024,Los,Natasha,Los,,,1572,5,1
2024,Esser,Eric,Esser,PVV,lid Tweede Kamer,1546,19,4
2024,Pieters,Moniek,Pieters,,,1512,5,1
2024,Villerius,Jessica,Villerius,,,1439,3,1
2024,Vogelzang,Monique,Vogelzang,,inspecteur-generaal van het Onderwijs,1382,5,1
2024,Staal,Lex,Staal,,,1374,3,1
2024,Mc William,Giselle,Mc,,bijzonder gedelegeerde,1199,1,1
2024,Steverink,Katja,Steverink,,,1090,3,1
2024,Brownbill,Fergino,Brownbill,,bijzonder gedelegeerde,1022,3,1
2024,Petit-Steeghs,Violet,Petit-Steeghs,,,969,3,1
2024,De Kanter,Wanda,Kanter,,,895,1,1
2024,Azmani,Malik,Azmani,VVD,lid Tweede Kamer,818,3,1
2024,Haga,Anja,Haga,EP/ChristenUnie,lid Europees Parlement,721,4,1
2024,Chahim,Mohammed,Chahim,EP/PvdA,lid Europees Parlement,666,3,1
2024,Hoogeveen,Michiel,Hoogeveen,JA21,lid Tweede Kamer,660,3,1
2024,Berendsen,Tom,Berendsen,EP/CDA,minister van Buitenlandse Zaken,649,1,1
2024,Rafaela,Samira,Rafaela,EP/D66,lid Europees Parlement,627,1,1
2024,Dijkgraaf,Elbert,Dijkgraaf,SGP,lid Tweede Kamer,626,2,1
2024,Jacobs,G.,Jacobs,,,602,2,1
2024,Van Zwol,Richard,Zwol,,oud-informateur,600,1,1
2024,Ruissen,Bert-Jan,Ruissen,EP/SGP,lid Europees Parlement,534,1,1
2024,Hazekamp,Anja,Hazekamp,EP/PvdD,lid Europees Parlement,512,1,1
2024,Noordsij,Joke,Noordsij,,,306,3,1
2024,Van Briemen,Ard,Briemen,,,243,2,1
2024,Schroten,Karin,Schroten,,,170,4,1
2024,Van Waveren,Alexander,Waveren,NSC,lid Tweede Kamer,101,3,3
2024,De Korte,Ria,Korte,NSC,lid Tweede Kamer,6,1,1
2024,Haage,Marleen,Haage,GroenLinks-PvdA,lid Tweede Kamer,5,1,1
2024,Molenaar,Linda,Molenaar,,substituut-ombudsman,5,1,1
2024,Lahlah,Shah,Lahlah,GroenLinks-PvdA,lid Tweede Kamer,5,1,1
2023,Bergkamp,Vera,Bergkamp,D66,lid Tweede Kamer,242448,10058,80
2023,Rutte,Mark,Rutte,VVD,"minister-president, minister van Algemene Zaken",226419,1591,21
2023,Yeşilgöz-Zegerius,Dilan,Yeşilgöz-Zegerius,VVD,minister van Justitie en Veiligheid,188902,936,27
2023,Van der Plas,Caroline,Plas,BBB,lid Tweede Kamer,170044,1482,74
2023,De Jonge,Hugo,Jonge,,"minister van Volksgezondheid, Welzijn en Sport",168763,692,16
2023,Van der Lee,Tom,Lee,GroenLinks-PvdA,lid Tweede Kamer,140921,2488,60
2023,Omtzigt,Pieter,Omtzigt,CDA,lid Tweede Kamer,136676,1168,62
2023,Jetten,Rob,Jetten,D66,lid Tweede Kamer,129663,691,20
2023,Kuipers,Ernst,Kuipers,,"minister van Volksgezondheid, Welzijn en Sport",128363,818,21
2023,Kamminga,Roelien,Kamminga,VVD,lid Tweede Kamer,116723,4188,52
2023,Bosma,Martin,Bosma,PVV,lid Tweede Kamer,102083,4173,46
2023,Grinwis,Pieter,Grinwis,ChristenUnie,lid Tweede Kamer,99603,692,51
2023,Helder,Conny,Helder,,minister voor Langdurige Zorg en Sport,98973,647,23
2023,Adema,Piet,Adema,,"minister van Landbouw, Natuur en Voedselkwaliteit",88539,606,21
2023,Van Gennip,Karien,Gennip,,minister van Sociale Zaken en Werkgelegenheid,88340,472,14
2023,Leijten,Renske,Leijten,SP,lid Tweede Kamer,83649,627,30
2023,Westerveld,Lisa,Westerveld,GroenLinks,lid Tweede Kamer,82262,500,49
2023,Van Haga,Wybren,Haga,Groep Van Haga,lid Tweede Kamer,77255,837,65
2023,Kaag,Sigrid,Kaag,D66,minister voor Buitenlandse Handel en Ontwikkelingssamenwerking,72098,327,13
2023,Klaver,Jesse,Klaver,GroenLinks,lid Tweede Kamer,69740,509,22
2023,Van Huffelen,Alexandra,Huffelen,,staatssecretaris Koninkrijksrelaties en Digitalisering,63490,320,14
2023,Van Baarle,Stephan,Baarle,DENK,lid Tweede Kamer,60572,569,57
2023,Agema,Fleur,Agema,PVV,lid Tweede Kamer,59786,692,46
2023,Dijkgraaf,Robbert,Dijkgraaf,,"minister van Onderwijs, Cultuur en Wetenschap",59294,285,11
2023,Nijboer,Henk,Nijboer,PvdA,lid Tweede Kamer,58332,415,37
2023,Beckerman,Sandra,Beckerman,SP,lid Tweede Kamer,57480,486,42
2023,Bikker,Mirjam,Bikker,ChristenUnie,lid Tweede Kamer,55990,333,25
2023,Thijssen,Joris,Thijssen,GroenLinks-PvdA,lid Tweede Kamer,54623,415,36
2023,Ceder,Don,Ceder,ChristenUnie,lid Tweede Kamer,54030,412,52
2023,Sneller,Joost,Sneller,D66,lid Tweede Kamer,52553,382,40
2023,Van der Burg,Eric,Burg,VVD,staatssecretaris van Justitie en Veiligheid,51622,490,12
2023,Kröger,Suzanne,Kröger,GroenLinks,lid Tweede Kamer,51593,588,42
2023,Bisschop,Roelof,Bisschop,SGP,lid Tweede Kamer,50831,413,48
2023,Van der Wal-Zeggelink,Christianne,Wal-Zeggelink,,minister voor Natuur en Stikstof,49820,377,10
2023,Schouten,Carola,Schouten,ChristenUnie,"minister van Landbouw, Natuur en Voedselkwaliteit",49633,260,10
2023,Eerdmans,Joost,Eerdmans,JA21,lid Tweede Kamer,48102,388,48
2023,Kwint,Peter,Kwint,SP,lid Tweede Kamer,47281,367,21
2023,Van Ooijen,Maarten,Ooijen,,"staatssecretaris van Volksgezondheid, Welzijn en Sport",46237,294,13
2023,Bontenbal,Henri,Bontenbal,CDA,lid Tweede Kamer,45977,396,32
2023,Bruins Slot,Hanke,Bruins,CDA,lid Tweede Kamer,45664,291,11
2023,Drost,Nico,Drost,ChristenUnie,lid Tweede Kamer,45042,423,41
2023,Stoffer,Chris,Stoffer,SGP,lid Tweede Kamer,44753,326,44
2023,Hoekstra,Wopke,Hoekstra,CDA,minister van Financiën,44150,259,12
2023,Van Houwelingen,Pepijn,Houwelingen,FVD,lid Tweede Kamer,43280,372,42
2023,Van Rij,Marnix,Rij,,staatssecretaris Fiscaliteit en Belastingdienst,42994,298,13
2023,Baudet,Thierry,Baudet,FvD,lid Tweede Kamer,42707,319,32
2023,Adriaansens,Micky,Adriaansens,,minister van Economische Zaken en Klimaat,42553,289,13
2023,Weerwind,Franc,Weerwind,,minister voor Rechtsbescherming,41870,281,13
2023,Markuszower,Gidi,Markuszower,PVV,lid Tweede Kamer,41448,303,36
2023,Erkens,Silvio,Erkens,VVD,lid Tweede Kamer,40265,336,28
2023,Piri,Kati,Piri,GroenLinks-PvdA,lid Tweede Kamer,39378,360,36
2023,Kops,Alexander,Kops,PVV,lid Tweede Kamer,39276,290,41
2023,Mutluer,Songül,Mutluer,GroenLinks-PvdA,lid Tweede Kamer,38865,315,38
2023,Bushoff,Julian,Bushoff,GroenLinks-PvdA,lid Tweede Kamer,38651,305,38
2023,Brekelmans,Ruben,Brekelmans,VVD,lid Tweede Kamer,38631,305,39
2023,Heijnen,Vivianne,Heijnen,,staatssecretaris van Infrastructuur en Waterstaat,38559,339,18
2023,Ouwehand,Esther,Ouwehand,PvdD,lid Tweede Kamer,36103,229,14
2023,Van Weyenberg,Steven,Weyenberg,D66,lid Tweede Kamer,36018,237,21
2023,Mohandis,Mohammed,Mohandis,GroenLinks-PvdA,lid Tweede Kamer,36000,342,40
2023,Hijink,Maarten,Hijink,SP,lid Tweede Kamer,35259,214,14
2023,Dassen,Laurens,Dassen,Volt,lid Tweede Kamer,35168,315,37
2023,Van den Berg,Joba,Berg,CDA,lid Tweede Kamer,35083,389,46
2023,Michon-Derkzen,Ingrid,Michon-Derkzen,VVD,lid Tweede Kamer,34869,297,37
2023,Peters,René,Peters,CDA,lid Tweede Kamer,34029,870,34
2023,Harbers,Mark,Harbers,VVD,lid Tweede Kamer,33894,179,11
2023,Van Campen,Thom,Campen,VVD,lid Tweede Kamer,33560,295,33
2023,Sjoerdsma,Sjoerd,Sjoerdsma,D66,lid Tweede Kamer,33552,242,28
2023,Koekkoek,Marieke,Koekkoek,Volt,lid Tweede Kamer,33346,290,32
2023,Hermans,Sophie,Hermans,VVD,"minister van Klimaat en Groene Groei, viceminister-president",33031,248,5
2023,Heinen,Eelco,Heinen,VVD,minister van Financiën,32457,228,17
2023,Paternotte,Jan,Paternotte,D66,lid Tweede Kamer,31896,226,10
2023,Den Haan,Liane,Haan,Fractie Den Haan,lid Tweede Kamer,31529,322,45
2023,Teunissen,Christine,Teunissen,PvdD,lid Tweede Kamer,31528,299,37
2023,de Groot,Peter,Groot,VVD,lid Tweede Kamer,30560,218,17
2023,Marijnissen,Lilian,Marijnissen,SP,lid Tweede Kamer,30304,198,15
2023,Boulakjar,Faissal,Boulakjar,D66,lid Tweede Kamer,29670,264,27
2023,Van der Graaf,Stieneke,Graaf,ChristenUnie,lid Tweede Kamer,29666,266,30
2023,Boswijk,Derk,Boswijk,CDA,lid Tweede Kamer,29270,288,28
2023,Bromet,Laura,Bromet,GroenLinks-PvdA,lid Tweede Kamer,28975,316,36
2023,Van Strien,Pim,Strien,VVD,lid Tweede Kamer,28957,286,16
2023,de Vries,Aukje,Vries,VVD,lid Tweede Kamer,28887,223,6
2023,Wiersma,Dennis,Wiersma,VVD,lid Tweede Kamer,28227,129,6
2023,de Groot,Tjeerd,Groot,D66,lid Tweede Kamer,27970,329,29
2023,Dijk,Jimmy,Dijk,SP,lid Tweede Kamer,27795,251,30
2023,Paulusma,Wieke,Paulusma,D66,lid Tweede Kamer,26636,262,36
2023,Van der Staaij,Kees,Staaij,SGP,lid Tweede Kamer,26601,183,29
2023,Van der Burg,Erik,Burg,,staatssecretaris van Justitie en Veiligheid,26240,187,3
2023,Palland,Hilde,Palland,CDA,lid Tweede Kamer,25976,144,29
2023,Pouw-Verweij,Nicki,Pouw-Verweij,JA21,lid Tweede Kamer,25856,204,31
2023,van Dijk,Inge,Dijk,CDA,lid Tweede Kamer,25792,199,31
2023,Wilders,Geert,Wilders,PVV,lid Tweede Kamer,25732,177,16
2023,Azarkan,Farid,Azarkan,DENK,lid Tweede Kamer,25459,452,16
2023,Tielen,Judith,Tielen,VVD,lid Tweede Kamer,25458,309,42
2023,Wassenberg,Frank,Wassenberg,PvdD,lid Tweede Kamer,25297,182,29
2023,Helder,Lilian,Helder,PVV,lid Tweede Kamer,25083,186,30
2023,Kuik,Anne,Kuik,CDA,lid Tweede Kamer,24763,705,42
2023,de Jong,Léon,Jong,PVV,lid Tweede Kamer,24403,174,26
2023,Vijlbrief,Hans,Vijlbrief,D66,Lid Tweede Kamer,23973,168,7
2023,Van Wijngaarden,Jeroen,Wijngaarden,VVD,lid Tweede Kamer,23094,185,16
2023,Kuzu,Tunahan,Kuzu,DENK,lid Tweede Kamer,22975,216,36
2023,Eppink,Derk,Eppink,JA21,lid Tweede Kamer,21496,194,36
2023,Kathmann,Barbara,Kathmann,GroenLinks-PvdA,lid Tweede Kamer,21155,135,31
2023,Gündoğan,Nilüfer,Gündoğan,Volt,lid Tweede Kamer,21111,159,23
2023,Simons,Sylvana,Simons,BIJ1,lid Tweede Kamer,21085,190,26
2023,Ellemeet,Corinne,Ellemeet,GroenLinks,lid Tweede Kamer,20942,140,17
2023,Boucke,Raoul,Boucke,D66,lid Tweede Kamer,20687,185,19
2023,van Dijck,Tony,Dijck,PVV,lid Tweede Kamer,20126,185,14
2023,Van Meijeren,Gideon,Meijeren,FVD,lid Tweede Kamer,20078,137,21
2023,Bevers,Harry,Bevers,VVD,lid Tweede Kamer,19949,178,28
2023,Uslu,Gunay,Uslu,,staatssecretaris Cultuur en Media,19701,249,6
2023,Krul,Harmen,Krul,CDA,lid Tweede Kamer,19634,215,27
2023,Podt,Anne-Marijke,Podt,D66,lid Tweede Kamer,19377,208,29
2023,Ollongren,Kajsa,Ollongren,,"minister van Binnenlandse Zaken en Koninkrijksrelaties, viceminister-president",19231,80,6
2023,Ellian,Ulysse,Ellian,VVD,lid Tweede Kamer,19006,277,25
2023,Amhaouch,Mustafa,Amhaouch,CDA,lid Tweede Kamer,18045,125,22
2023,Schreinemacher,Liesje,Schreinemacher,,minister voor Buitenlandse Handel en Ontwikkelingssamenwerking,17840,197,10
2023,Maeijer,Vicky,Maeijer,PVV,lid Tweede Kamer,17811,142,25
2023,Boutkan,Ernst,Boutkan,Volt,lid Tweede Kamer,17543,209,25
2023,Kuiken,Attje,Kuiken,PvdA,lid Tweede Kamer,17183,140,11
2023,van Dijk,Jasper,Dijk,SP,lid Tweede Kamer,17091,203,17
2023,El Yassini,Zohair,El,VVD,lid Tweede Kamer,17001,135,9
2023,Haverkort,Erik,Haverkort,VVD,lid Tweede Kamer,16853,243,21
2023,Hammelburg,Alexander,Hammelburg,D66,lid Tweede Kamer,16381,135,21
2023,Graus,Dion,Graus,PVV,lid Tweede Kamer,16284,128,15
2023,De Hoop,Habtamu,Hoop,GroenLinks-PvdA,lid Tweede Kamer,15663,141,22
2023,Van Nispen,Michiel,Nispen,SP,lid Tweede Kamer,15607,144,9
2023,de Jong,Romke,Jong,D66,lid Tweede Kamer,15126,115,19
2023,Werner,Lucille,Werner,CDA,lid Tweede Kamer,15117,157,16
2023,Van Esch,Eva,Esch,PvdD,lid Tweede Kamer,15028,235,32
2023,Van Kent,Bart,Kent,SP,lid Tweede Kamer,14788,186,17
2023,Wuite,Jorien,Wuite,D66,lid Tweede Kamer,14770,192,14
2023,Vedder,Eline,Vedder,CDA,lid Tweede Kamer,14100,123,18
2023,Futselaar,Frank,Futselaar,SP,lid Tweede Kamer,13970,116,17
2023,Slootweg,Evert,Slootweg,CDA,lid Tweede Kamer,13520,131,20
2023,Alkaya,Mahir,Alkaya,SP,lid Tweede Kamer,13508,150,24
2023,Geurts,Jaco,Geurts,CDA,lid Tweede Kamer,13029,114,13
2023,Raemakers,Rens,Raemakers,D66,Lid Tweede Kamer,12157,106,18
2023,Van Weerdenburg,Danai,Weerdenburg,PVV,lid Tweede Kamer,12028,89,8
2023,Smals,Bart,Smals,VVD,lid Tweede Kamer,11836,221,13
2023,Heerma,Pieter,Heerma,CDA,lid Tweede Kamer,11798,92,3
2023,Van den Brink,Bart,Brink,CDA,"minister van Asiel en Migratie, viceminister-president",11698,109,15
2023,Jansen,Freek,Jansen,FVD,lid Tweede Kamer,11317,117,16
2023,Dekker-Abdulaziz,Hind,Dekker-Abdulaziz,D66,lid Tweede Kamer,10587,134,26
2023,Van der Werf,Hanneke,Werf,D66,lid Tweede Kamer,10439,102,16
2023,Mulder,Agnes,Mulder,CDA,lid Tweede Kamer,10227,85,10
2023,De Kort,Daan,Kort,VVD,lid Tweede Kamer,10030,83,13
2023,Van der Laan,Jeanet,Laan,D66,lid Tweede Kamer,9945,102,15
2023,Kat,Hülya,Kat,D66,lid Tweede Kamer,9905,133,23
2023,Belhaj,Salima,Belhaj,D66,lid Tweede Kamer,9406,49,5
2023,Temmink,Nicole,Temmink,SP,lid Tweede Kamer,9154,80,15
2023,De Roon,Raymond,Roon,PVV,lid Tweede Kamer,8948,69,11
2023,Maatoug,Senna,Maatoug,GroenLinks,lid Tweede Kamer,8798,38,6
2023,De Graaf,Machiel,Graaf,PVV,lid Tweede Kamer,8580,47,7
2023,Sahla,Fonda,Sahla,D66,lid Tweede Kamer,8560,95,19
2023,Paul,Mariëlle,Paul,VVD,staatssecretaris Funderend Onderwijs en Emancipatie,8489,75,12
2023,Yesilgöz-Zegerius,Dilan,Yesilgöz-Zegerius,VVD,minister van Justitie en Veiligheid,7669,34,1
2023,Van der Wal,Christianne,Wal,VVD,minister voor Natuur en Stikstof,7552,54,1
2023,Beertema,Harm,Beertema,PVV,lid Tweede Kamer,7495,72,11
2023,Ephraim,Olaf,Ephraim,Groep Van Haga,lid Tweede Kamer,7467,125,28
2023,Verkuijlen,Ruud,Verkuijlen,VVD,lid Tweede Kamer,7334,65,16
2023,Van Meenen,Paul,Meenen,D66,lid Tweede Kamer,7193,254,7
2023,Strolenberg,Mark,Strolenberg,VVD,lid Tweede Kamer,7093,75,4
2023,Hagen,Kiki,Hagen,D66,lid Tweede Kamer,6972,113,24
2023,Vestering,Leonie,Vestering,PvdD,lid Tweede Kamer,6766,132,15
2023,van Dijk,Diederik,Dijk,SGP,lid Tweede Kamer,6712,81,5
2023,Koerhuis,Daniël,Koerhuis,VVD,lid Tweede Kamer,6680,87,16
2023,Rajkowski,Queeny,Rajkowski,VVD,lid Tweede Kamer,6278,56,13
2023,Bouchallikh,Kauthar,Bouchallikht,GroenLinks,lid Tweede Kamer,5729,78,13
2023,Van Ginneken,Lisa,Ginneken,D66,lid Tweede Kamer,5496,56,16
2023,Timmermans,Frans,Timmermans,GroenLinks-PvdA,lid Tweede Kamer,5492,38,2
2023,Akerboom,Eva,Akerboom,PvdD,Lid Tweede Kamer,5255,60,18
2023,Flach,André,Flach,SGP,lid Tweede Kamer,5244,42,5
2023,Van der Maat,Christophe,Maat,,staatssecretaris van Defensie,5048,30,5
2023,Mulder,Edgar,Mulder,PVV,lid Tweede Kamer,5032,41,4
2023,Idsinga,Folkert,Idsinga,NSC,lid Tweede Kamer,5018,67,11
2023,Madlener,Barry,Madlener,PVV,lid Tweede Kamer,4818,58,12
2023,Van Vroonhoven,Nicolien,Vroonhoven,NSC,lid Tweede Kamer,4502,28,3
2023,Van den Hil,Jacqueline,Hil,VVD,lid Tweede Kamer,4455,55,17
2023,Veldkamp,Caspar,Veldkamp,NSC,minister van Buitenlandse Zaken,4381,30,3
2023,Holman,Harm,Holman,NSC,lid Tweede Kamer,4233,41,3
2023,Klink,Jan,Klink,VVD,lid Tweede Kamer,4113,51,9
2023,Van Beukering-Huijbregts,Marijke,Beukering-Huijbregts,D66,lid Tweede Kamer,3838,23,5
2023,Ergin,Doğukan,Ergin,DENK,lid Tweede Kamer,3709,32,4
2023,Keijzer,Mona,Keijzer,CDA,lid Tweede Kamer,3503,37,4
2023,El Abassi,Ismail,Abassi,DENK,lid Tweede Kamer,3482,49,4
2023,Plasterk,Ronald,Plasterk,,minister van Binnenlandse Zaken en Koninkrijksrelaties,3453,6,1
2023,Vermeer,Henk,Vermeer,BBB,lid Tweede Kamer,3381,42,4
2023,Van Raan,Lammert,Raan,PvdD,Lid Tweede Kamer,3253,35,5
2023,Rahimi,Hawre,Rahimi,VVD,lid Tweede Kamer,3157,39,5
2023,Simons,Chris,Simons,VVD,lid Tweede Kamer,3105,29,12
2023,Van der Woude,Hatte,Woude,VVD,lid Tweede Kamer,3029,40,4
2023,Jansen,Daniëlle,Jansen,NSC,lid Tweede Kamer,2975,7,2
2023,Postma,Wytske,Postma,NSC,lid Tweede Kamer,2865,28,2
2023,Heerema,Rudmer,Heerema,VVD,lid Tweede Kamer,2725,33,10
2023,Pierik,Cor,Pierik,BBB,lid Tweede Kamer,2532,37,2
2023,Becker,Bente,Becker,VVD,lid Tweede Kamer,2394,21,8
2023,Warmerdam,Sjoerd,Warmerdam,D66,lid Tweede Kamer,2373,21,8
2023,Tuinman,Gijs,Tuinman,BBB,lid Tweede Kamer,2326,21,2
2023,Minhas,Fahid,Minhas,VVD,lid Tweede Kamer,2288,39,11
2023,Claassen,René,Claassen,PVV,lid Tweede Kamer,2136,18,3
2023,Dekker,Ralf,Dekker,FVD,lid Tweede Kamer,2126,17,5
2023,De Vries,Aukje,De,,staatssecretaris Toeslagen en Douane,2121,10,1
2023,Aartsen,Thierry,Aartsen,VVD,lid Tweede Kamer,2019,13,6
2023,Van Zutphen,Reinier,Zutphen,,Nationale ombudsman,2002,1,1
2023,Irrgang,Ewout,Irrgang,,waarnemend president van de Algemene Rekenkamer,1723,2,1
2023,Six Dijkstra,Jesse,Six,NSC,lid Tweede Kamer,1680,17,3
2023,Hamilton,Geert,Hamilton,,Griffier Eerste Kamer,1639,2,2
2023,Teunissen,Hans,Teunissen,D66,lid Tweede Kamer,1508,7,4
2023,Veltman,Hester,Veltman,VVD,lid Tweede Kamer,1420,13,3
2023,Aardema,Max,Aardema,PVV,lid Tweede Kamer,1167,7,1
2023,Nijhof-Leeuw,Jeanet,Nijhof-Leeuw,PVV,lid Tweede Kamer,1165,9,3
2023,Gündogan,Nilüfer,Gündogan,Volt,lid Tweede Kamer,1059,7,1
2023,Uitermark,Judith,Uitermark,NSC,minister van Binnenlandse Zaken en Koninkrijksrelaties,1051,7,1
2023,In 't Veld,Sophie,Veld,EP/D66,lid Europees Parlement,1030,7,1
2023,van Dijk,Olger,Dijk,NSC,lid Tweede Kamer,965,6,2
2023,Groothuis,Bart,Groothuis,EP/VVD,lid Europese Parlement,896,3,1
2023,van Dijk,Emiel,Dijk,PVV,lid Tweede Kamer,848,1,1
2023,Van der Draaij,Muriel,Draaij,,,848,1,1
2023,De Graaff,Marcel,Graaff,EP/FVD,lid Europese Parlement,842,6,1
2023,Jansen,Frederik,Jansen,FVD,lid Tweede Kamer,808,6,2
2023,Fritsma,Sietse,Fritsma,PVV,lid Tweede Kamer,756,9,2
2023,Kusenuh,Dzifa,Kusenuh,,,749,2,1
2023,Faber-van de Klashorst,Marjolein,Faber-van,PVV,lid Tweede Kamer,739,9,2
2023,De Lange,Esther,Lange,EP/CDA,lid Europese Parlement,693,3,1
2023,Ruissen,Bert-Jan,Ruissen,EP/SGP,lid Europees Parlement,693,2,1
2023,Chahim,Mohammed,Chahim,EP/PvdA,lid Europees Parlement,674,1,1
2023,Eickhout,Bas,Eickhout,EP/GroenLinks,lid Europees Parlement,673,1,1
2023,Knops,Raymond,Knops,CDA,lid Tweede Kamer,629,3,2
2023,Roos,Rob,Roos,EP/JA21,lid Europese Parlement,583,1,1
2023,Valstar,Peter,Valstar,VVD,lid Tweede Kamer,534,12,5
2023,Richardson,Simone,Richardson,VVD,lid Tweede Kamer,520,5,4
2023,Kerseboom,Simone,Kerseboom,FVD,lid Tweede Kamer,417,26,6
2023,Kostić,Ines,Kostić,PvdD,lid Tweede Kamer,404,23,3
2023,Joseph,Agnes,Joseph,NSC,lid Tweede Kamer,360,8,3
2023,Synhaeve,Marijke,Synhaeve,D66,lid Tweede Kamer,191,6,2
2023,Grevink,Martijn,Grevink,VVD,lid Tweede Kamer,157,1,1
2023,Heutink,Hidde,Heutink,PVV,lid Tweede Kamer,134,1,1
2023,Van Hijum,Eddy,Hijum,CDA,"minister van Sociale Zaken en Werkgelegenheid, viceminister-president",126,2,1
2023,Geurts,Jacco,Geurts,,lid van de commissie,120,1,1
2023,Elian,Ulysse,Elian,,voorzitter van de commissie,118,1,1
2023,Bamenga,Mpanzu,Bamenga,D66,lid Tweede Kamer,92,3,2
2023,Stultiens,Luc,Stultiens,GroenLinks-PvdA,lid Tweede Kamer,82,1,1
2023,Dobbe,Sarah,Dobbe,SP,lid Tweede Kamer,80,3,2
2023,El Abassi,Ismal,El,DENK,lid Tweede Kamer,56,10,1
2023,Meulenkamp,Wim,Meulenkamp,VVD,lid Tweede Kamer,27,1,1
2023,Slagt-Tichelman,Elke,Slagt-Tichelman,GroenLinks-PvdA,lid Tweede Kamer,23,1,1
2023,Van Oostenbruggen,Tjebbe,Oostenbruggen,NSC,lid Tweede Kamer,16,1,1
2023,Palmen,Sandra,Palmen,NSC,staatssecretaris Herstel en Toeslagen,14,1,1
2023,Van Eijk,Wendy,Eijk,VVD,lid Tweede Kamer,12,1,1
2023,Bruyning,Faith,Bruyning,NSC,lid Tweede Kamer,7,1,1
2023,Van den Born,Vincent,Born,PVV,lid Tweede Kamer,7,1,1
2023,Oskam,Peter,Oskam,CDA,Lid Tweede Kamer,6,1,1
2023,Welzijn,Merlien,Welzijn,NSC,lid Tweede Kamer,5,1,1
2023,Bijenhof,Yvonne,Bijenhof,VVD,lid Tweede Kamer,5,1,1
2023,Van Breugel,Carline,Breugel,D66,lid Tweede Kamer,5,1,1
2023,Lahlah,Shah,Lahlah,GroenLinks-PvdA,lid Tweede Kamer,5,1,1
2023,Valize,Jan,Valize,PVV,lid Tweede Kamer,4,1,1
2023,Patijn,Mariëtte,Patijn,GroenLinks-PvdA,lid Tweede Kamer,2,1,1
2023,Vlottes,Elmar,Vlottes,PVV,lid Tweede Kamer,1,1,1
2022,Bergkamp,Vera,Bergkamp,D66,lid Tweede Kamer,324782,14957,101
2022,Rutte,Mark,Rutte,VVD,"minister-president, minister van Algemene Zaken",287285,1793,27
2022,Van der Plas,Caroline,Plas,BBB,lid Tweede Kamer,218815,2091,95
2022,Omtzigt,Pieter,Omtzigt,CDA,lid Tweede Kamer,211762,1562,85
2022,Schouten,Carola,Schouten,ChristenUnie,"minister van Landbouw, Natuur en Voedselkwaliteit",179591,1009,16
2022,Yeşilgöz-Zegerius,Dilan,Yeşilgöz-Zegerius,VVD,minister van Justitie en Veiligheid,166111,833,30
2022,Leijten,Renske,Leijten,SP,lid Tweede Kamer,144132,1018,61
2022,Kuipers,Ernst,Kuipers,,"minister van Volksgezondheid, Welzijn en Sport",140121,1016,27
2022,Jetten,Rob,Jetten,D66,lid Tweede Kamer,131382,793,21
2022,Kaag,Sigrid,Kaag,D66,minister voor Buitenlandse Handel en Ontwikkelingssamenwerking,115060,616,20
2022,Bruins Slot,Hanke,Bruins,CDA,lid Tweede Kamer,106596,634,20
2022,Bosma,Martin,Bosma,PVV,lid Tweede Kamer,103445,4768,56
2022,Van Gennip,Karien,Gennip,,minister van Sociale Zaken en Werkgelegenheid,99334,595,16
2022,Hoekstra,Wopke,Hoekstra,CDA,minister van Financiën,98610,597,13
2022,Van Haga,Wybren,Haga,Groep Van Haga,lid Tweede Kamer,93589,1111,90
2022,Azarkan,Farid,Azarkan,DENK,lid Tweede Kamer,89137,1612,66
2022,Westerveld,Lisa,Westerveld,GroenLinks,lid Tweede Kamer,89123,563,61
2022,Maatoug,Senna,Maatoug,GroenLinks,lid Tweede Kamer,86453,566,40
2022,Nijboer,Henk,Nijboer,PvdA,lid Tweede Kamer,80703,1356,61
2022,Hijink,Maarten,Hijink,SP,lid Tweede Kamer,79946,478,40
2022,Van der Burg,Eric,Burg,VVD,staatssecretaris van Justitie en Veiligheid,79923,599,20
2022,Wiersma,Dennis,Wiersma,VVD,lid Tweede Kamer,79916,378,16
2022,Helder,Conny,Helder,,minister voor Langdurige Zorg en Sport,79778,486,19
2022,Klaver,Jesse,Klaver,GroenLinks,lid Tweede Kamer,78359,611,35
2022,Simons,Sylvana,Simons,BIJ1,lid Tweede Kamer,77150,604,62
2022,Van Rij,Marnix,Rij,,staatssecretaris Fiscaliteit en Belastingdienst,76315,579,19
2022,Grinwis,Pieter,Grinwis,ChristenUnie,lid Tweede Kamer,73154,568,65
2022,Stoffer,Chris,Stoffer,SGP,lid Tweede Kamer,73135,567,68
2022,Ceder,Don,Ceder,ChristenUnie,lid Tweede Kamer,73061,559,64
2022,Kamminga,Roelien,Kamminga,VVD,lid Tweede Kamer,71974,2848,44
2022,Van Baarle,Stephan,Baarle,DENK,lid Tweede Kamer,71764,700,64
2022,Weerwind,Franc,Weerwind,,minister voor Rechtsbescherming,70902,425,17
2022,de Jong,Léon,Jong,PVV,lid Tweede Kamer,70795,466,29
2022,Van Nispen,Michiel,Nispen,SP,lid Tweede Kamer,64406,766,47
2022,Dijkgraaf,Robbert,Dijkgraaf,,"minister van Onderwijs, Cultuur en Wetenschap",64250,289,16
2022,Bisschop,Roelof,Bisschop,SGP,lid Tweede Kamer,64146,943,52
2022,Heijnen,Vivianne,Heijnen,,staatssecretaris van Infrastructuur en Waterstaat,62979,541,19
2022,Agema,Fleur,Agema,PVV,lid Tweede Kamer,61949,615,49
2022,Bikker,Mirjam,Bikker,ChristenUnie,lid Tweede Kamer,61595,435,47
2022,Van der Wal-Zeggelink,Christianne,Wal-Zeggelink,,minister voor Natuur en Stikstof,61406,466,12
2022,De Jonge,Hugo,Jonge,,"minister van Volksgezondheid, Welzijn en Sport",60472,356,13
2022,Hermans,Sophie,Hermans,VVD,"minister van Klimaat en Groene Groei, viceminister-president",60054,416,16
2022,Adema,Piet,Adema,,"minister van Landbouw, Natuur en Voedselkwaliteit",58874,439,9
2022,Van Kent,Bart,Kent,SP,lid Tweede Kamer,58653,507,24
2022,Van Huffelen,Alexandra,Huffelen,,staatssecretaris Koninkrijksrelaties en Digitalisering,56683,298,12
2022,Thijssen,Joris,Thijssen,GroenLinks-PvdA,lid Tweede Kamer,52533,409,47
2022,Eerdmans,Joost,Eerdmans,JA21,lid Tweede Kamer,52146,459,54
2022,Wilders,Geert,Wilders,PVV,lid Tweede Kamer,51650,364,31
2022,Paternotte,Jan,Paternotte,D66,lid Tweede Kamer,50539,318,14
2022,van Dijk,Inge,Dijk,CDA,lid Tweede Kamer,50329,331,58
2022,Dassen,Laurens,Dassen,Volt,lid Tweede Kamer,50217,466,58
2022,Kröger,Suzanne,Kröger,GroenLinks,lid Tweede Kamer,48455,544,54
2022,Brekelmans,Ruben,Brekelmans,VVD,lid Tweede Kamer,48077,362,43
2022,Sneller,Joost,Sneller,D66,lid Tweede Kamer,47640,397,39
2022,Heinen,Eelco,Heinen,VVD,minister van Financiën,47188,350,31
2022,Van der Lee,Tom,Lee,GroenLinks-PvdA,lid Tweede Kamer,46183,537,44
2022,Adriaansens,Micky,Adriaansens,,minister van Economische Zaken en Klimaat,45326,348,14
2022,Sjoerdsma,Sjoerd,Sjoerdsma,D66,lid Tweede Kamer,45081,319,34
2022,Kuiken,Attje,Kuiken,PvdA,lid Tweede Kamer,45006,300,35
2022,Van der Staaij,Kees,Staaij,SGP,lid Tweede Kamer,44855,280,43
2022,Segers,Gert-Jan,Segers,ChristenUnie,lid Tweede Kamer,44841,277,23
2022,Marijnissen,Lilian,Marijnissen,SP,lid Tweede Kamer,43293,260,19
2022,Alkaya,Mahir,Alkaya,SP,lid Tweede Kamer,43132,330,39
2022,Van Meijeren,Gideon,Meijeren,FVD,lid Tweede Kamer,42955,385,26
2022,de Groot,Tjeerd,Groot,D66,lid Tweede Kamer,42303,414,46
2022,Van den Berg,Joba,Berg,CDA,lid Tweede Kamer,41385,374,43
2022,Boswijk,Derk,Boswijk,CDA,lid Tweede Kamer,41177,274,26
2022,Vijlbrief,Hans,Vijlbrief,D66,Lid Tweede Kamer,40962,229,8
2022,Bontenbal,Henri,Bontenbal,CDA,lid Tweede Kamer,40948,445,56
2022,Van Weyenberg,Steven,Weyenberg,D66,lid Tweede Kamer,40828,267,28
2022,Harbers,Mark,Harbers,VVD,lid Tweede Kamer,40751,231,15
2022,Van Ooijen,Maarten,Ooijen,,"staatssecretaris van Volksgezondheid, Welzijn en Sport",40603,261,15
2022,Ollongren,Kajsa,Ollongren,,"minister van Binnenlandse Zaken en Koninkrijksrelaties, viceminister-president",40493,143,8
2022,Van Campen,Thom,Campen,VVD,lid Tweede Kamer,40204,317,33
2022,van Dijk,Jasper,Dijk,SP,lid Tweede Kamer,40165,418,46
2022,Van der Graaf,Stieneke,Graaf,ChristenUnie,lid Tweede Kamer,39469,323,35
2022,Ellemeet,Corinne,Ellemeet,GroenLinks,lid Tweede Kamer,39063,211,27
2022,Den Haan,Liane,Haan,Fractie Den Haan,lid Tweede Kamer,39057,359,65
2022,Bromet,Laura,Bromet,GroenLinks-PvdA,lid Tweede Kamer,38926,433,47
2022,Koekkoek,Marieke,Koekkoek,Volt,lid Tweede Kamer,38406,275,46
2022,Heerma,Pieter,Heerma,CDA,lid Tweede Kamer,37717,223,10
2022,Paulusma,Wieke,Paulusma,D66,lid Tweede Kamer,37454,377,38
2022,Van Raan,Lammert,Raan,PvdD,Lid Tweede Kamer,36833,481,51
2022,Palland,Hilde,Palland,CDA,lid Tweede Kamer,36222,231,36
2022,Van Houwelingen,Pepijn,Houwelingen,FVD,lid Tweede Kamer,35194,362,44
2022,Kuzu,Tunahan,Kuzu,DENK,lid Tweede Kamer,35155,441,48
2022,Tielen,Judith,Tielen,VVD,lid Tweede Kamer,34787,302,33
2022,Van Beukering-Huijbregts,Marijke,Beukering-Huijbregts,D66,lid Tweede Kamer,33972,340,39
2022,Staghouwer,Henk,Staghouwer,,"minister van Landbouw, Natuur en Voedselkwaliteit",33141,293,12
2022,Wassenberg,Frank,Wassenberg,PvdD,lid Tweede Kamer,32992,532,43
2022,Ouwehand,Esther,Ouwehand,PvdD,lid Tweede Kamer,32844,272,15
2022,Erkens,Silvio,Erkens,VVD,lid Tweede Kamer,32591,269,29
2022,Peters,René,Peters,CDA,lid Tweede Kamer,31424,366,35
2022,Ellian,Ulysse,Ellian,VVD,lid Tweede Kamer,30755,220,31
2022,Beckerman,Sandra,Beckerman,SP,lid Tweede Kamer,30679,321,44
2022,Schreinemacher,Liesje,Schreinemacher,,minister voor Buitenlandse Handel en Ontwikkelingssamenwerking,30441,253,13
2022,Piri,Kati,Piri,GroenLinks-PvdA,lid Tweede Kamer,30391,294,38
2022,Eppink,Derk,Eppink,JA21,lid Tweede Kamer,30354,271,47
2022,Van Esch,Eva,Esch,PvdD,lid Tweede Kamer,29580,323,40
2022,Smals,Bart,Smals,VVD,lid Tweede Kamer,29484,295,20
2022,De Hoop,Habtamu,Hoop,GroenLinks-PvdA,lid Tweede Kamer,29437,228,35
2022,Van Meenen,Paul,Meenen,D66,lid Tweede Kamer,29250,670,20
2022,Baudet,Thierry,Baudet,FvD,lid Tweede Kamer,29212,275,19
2022,Ephraim,Olaf,Ephraim,Groep Van Haga,lid Tweede Kamer,28977,317,46
2022,Jansen,Freek,Jansen,FVD,lid Tweede Kamer,28797,297,26
2022,Gündoğan,Nilüfer,Gündoğan,Volt,lid Tweede Kamer,28608,185,26
2022,Markuszower,Gidi,Markuszower,PVV,lid Tweede Kamer,28542,352,44
2022,Kops,Alexander,Kops,PVV,lid Tweede Kamer,27743,214,39
2022,Kwint,Peter,Kwint,SP,lid Tweede Kamer,26933,271,21
2022,Podt,Anne-Marijke,Podt,D66,lid Tweede Kamer,26794,402,30
2022,Pouw-Verweij,Nicki,Pouw-Verweij,JA21,lid Tweede Kamer,26499,208,29
2022,Amhaouch,Mustafa,Amhaouch,CDA,lid Tweede Kamer,25995,170,23
2022,de Jong,Romke,Jong,D66,lid Tweede Kamer,25705,195,33
2022,Van der Molen,Harry,Molen,CDA,lid Tweede Kamer,25612,193,31
2022,van Dijck,Tony,Dijck,PVV,lid Tweede Kamer,24826,228,20
2022,Van Ginneken,Lisa,Ginneken,D66,lid Tweede Kamer,24628,232,23
2022,Teunissen,Christine,Teunissen,PvdD,lid Tweede Kamer,23734,216,36
2022,Michon-Derkzen,Ingrid,Michon-Derkzen,VVD,lid Tweede Kamer,23370,223,32
2022,Mutluer,Songül,Mutluer,GroenLinks-PvdA,lid Tweede Kamer,23330,199,32
2022,Kathmann,Barbara,Kathmann,GroenLinks-PvdA,lid Tweede Kamer,22440,147,20
2022,Mohandis,Mohammed,Mohandis,GroenLinks-PvdA,lid Tweede Kamer,21728,232,26
2022,Graus,Dion,Graus,PVV,lid Tweede Kamer,21233,246,18
2022,Knops,Raymond,Knops,CDA,lid Tweede Kamer,21046,120,25
2022,Dekker,Ralf,Dekker,FVD,lid Tweede Kamer,20605,148,20
2022,Hammelburg,Alexander,Hammelburg,D66,lid Tweede Kamer,20277,125,21
2022,Van Wijngaarden,Jeroen,Wijngaarden,VVD,lid Tweede Kamer,19902,153,24
2022,Strolenberg,Mark,Strolenberg,VVD,lid Tweede Kamer,19484,148,20
2022,Mulder,Agnes,Mulder,CDA,lid Tweede Kamer,19083,203,29
2022,Idsinga,Folkert,Idsinga,NSC,lid Tweede Kamer,18877,146,20
2022,Vestering,Leonie,Vestering,PvdD,lid Tweede Kamer,18724,228,24
2022,Boucke,Raoul,Boucke,D66,lid Tweede Kamer,18485,166,25
2022,El Yassini,Zohair,El,VVD,lid Tweede Kamer,18149,115,13
2022,Dekker-Abdulaziz,Hind,Dekker-Abdulaziz,D66,lid Tweede Kamer,17792,199,31
2022,Mulder,Edgar,Mulder,PVV,lid Tweede Kamer,17548,178,17
2022,Kuik,Anne,Kuik,CDA,lid Tweede Kamer,16179,510,22
2022,Ploumen,Lilianne,Ploumen,PvdA,lid Tweede Kamer,16111,90,7
2022,Rajkowski,Queeny,Rajkowski,VVD,lid Tweede Kamer,15895,136,18
2022,Madlener,Barry,Madlener,PVV,lid Tweede Kamer,15461,135,22
2022,Maeijer,Vicky,Maeijer,PVV,lid Tweede Kamer,15116,92,28
2022,Van Weerdenburg,Danai,Weerdenburg,PVV,lid Tweede Kamer,14912,135,9
2022,Bouchallikh,Kauthar,Bouchallikh,GroenLinks,lid Tweede Kamer,14133,108,22
2022,Helder,Lilian,Helder,PVV,lid Tweede Kamer,14062,96,25
2022,Beertema,Harm,Beertema,PVV,lid Tweede Kamer,13411,113,14
2022,Koerhuis,Daniël,Koerhuis,VVD,lid Tweede Kamer,13253,140,24
2022,Van der Werf,Hanneke,Werf,D66,lid Tweede Kamer,12549,125,25
2022,Van der Maat,Christophe,Maat,,staatssecretaris van Defensie,12034,37,4
2022,Van den Hil,Jacqueline,Hil,VVD,lid Tweede Kamer,11468,108,21
2022,de Vries,Aukje,Vries,VVD,lid Tweede Kamer,10770,67,7
2022,Minhas,Fahid,Minhas,VVD,lid Tweede Kamer,10427,104,13
2022,Belhaj,Salima,Belhaj,D66,lid Tweede Kamer,10273,116,13
2022,Heerema,Rudmer,Heerema,VVD,lid Tweede Kamer,9778,93,19
2022,Werner,Lucille,Werner,CDA,lid Tweede Kamer,9660,98,17
2022,Arib,Khadija,Arib,PvdA,lid Tweede Kamer,9648,66,12
2022,De Kort,Daan,Kort,VVD,lid Tweede Kamer,9302,102,13
2022,Hagen,Kiki,Hagen,D66,lid Tweede Kamer,9232,129,21
2022,De Roon,Raymond,Roon,PVV,lid Tweede Kamer,9206,92,13
2022,Goudzwaard,Maarten,Goudzwaard,JA21,lid Tweede Kamer,8653,114,18
2022,Klink,Jan,Klink,VVD,lid Tweede Kamer,8612,62,10
2022,Van der Woude,Hatte,Woude,VVD,lid Tweede Kamer,8370,53,16
2022,Valstar,Peter,Valstar,VVD,lid Tweede Kamer,8041,70,12
2022,Van Strien,Pim,Strien,VVD,lid Tweede Kamer,7725,71,15
2022,Boulakjar,Faissal,Boulakjar,D66,lid Tweede Kamer,7453,88,21
2022,De Graaf,Machiel,Graaf,PVV,lid Tweede Kamer,7433,50,11
2022,Haverkort,Erik,Haverkort,VVD,lid Tweede Kamer,7392,52,19
2022,Sahla,Fonda,Sahla,D66,lid Tweede Kamer,7333,65,18
2022,Bevers,Harry,Bevers,VVD,lid Tweede Kamer,7269,57,14
2022,Kat,Hülya,Kat,D66,lid Tweede Kamer,6916,68,11
2022,Slootweg,Evert-Jan,Slootweg,CDA,lid Tweede Kamer,6293,69,15
2022,de Groot,Peter,Groot,VVD,lid Tweede Kamer,6125,71,14
2022,Raemakers,Rens,Raemakers,D66,Lid Tweede Kamer,6109,67,14
2022,Verkuijlen,Ruud,Verkuijlen,VVD,lid Tweede Kamer,6065,58,9
2022,Rahimi,Hawre,Rahimi,VVD,lid Tweede Kamer,5926,29,7
2022,Geurts,Jaco,Geurts,CDA,lid Tweede Kamer,5894,99,14
2022,Wuite,Jorien,Wuite,D66,lid Tweede Kamer,4929,59,6
2022,Uslu,Gunay,Uslu,,staatssecretaris Cultuur en Media,4825,66,4
2022,Tellegen,Ockje,Tellegen,VVD,lid Tweede Kamer,4399,132,6
2022,Fritsma,Sietse,Fritsma,PVV,lid Tweede Kamer,4292,38,8
2022,Van der Laan,Jeanet,Laan,D66,lid Tweede Kamer,4255,46,17
2022,Paul,Mariëlle,Paul,VVD,staatssecretaris Funderend Onderwijs en Emancipatie,3129,40,16
2022,Bouchallikh,Kauthar,Bouchallikht,GroenLinks,lid Tweede Kamer,3104,22,7
2022,Bushoff,Julian,Bushoff,GroenLinks-PvdA,lid Tweede Kamer,2533,16,6
2022,Visser,Arno,Visser,,president van de Algemene Rekenkamer,2287,1,1
2022,Zelensky,Volodymyr,Zelensky,,President van Oekraïne,1907,1,1
2022,Aartsen,Thierry,Aartsen,VVD,lid Tweede Kamer,1767,18,5
2022,De Neef,Daan,Neef,VVD,lid Tweede Kamer,1623,13,7
2022,Van Zutphen,Reinier,Zutphen,,Nationale ombudsman,1622,1,1
2022,Simons,Chris,Simons,VVD,lid Tweede Kamer,1461,4,4
2022,Akerboom,Eva,Akerboom,PvdD,Lid Tweede Kamer,1195,31,7
2022,Yesilgöz-Zegerius,Dilan,Yesilgöz-Zegerius,VVD,minister van Justitie en Veiligheid,1192,17,1
2022,Thodé,Amerigo,Thodé,,bijzonder gedelegeerde,974,2,1
2022,Molenaar,Sandra,Molenaar,,algemeen directeur van de Consumentenbond,886,1,1
2022,Becker,Bente,Becker,VVD,lid Tweede Kamer,833,36,6
2022,van Dijk,Gijs,Dijk,PvdA,Lid Tweede Kamer,718,3,2
2022,Kerseboom,Simone,Kerseboom,FVD,lid Tweede Kamer,683,50,8
2022,America-Francisca,Charetti,America-Francisca,,bijzonder gedelegeerde,604,1,1
2022,Warmerdam,Sjoerd,Warmerdam,D66,lid Tweede Kamer,595,5,2
2022,Osepa,Sheldry,Osepa,,bijzonder gedelegeerde,519,1,1
2022,Richardson,Simone,Richardson,VVD,lid Tweede Kamer,25,3,3
2022,Smolders,Hans,Smolders,Groep Van Haga,lid Tweede Kamer,8,1,1
2022,Hamilton,Geert,Hamilton,,Griffier Eerste Kamer,6,1,1
2022,Kalverboer,Margrite,Kalverboer,,substituut-ombudsman,5,1,1
2022,Grevink,Martijn,Grevink,VVD,lid Tweede Kamer,5,1,1
2021,De Jonge,Hugo,Jonge,,"minister van Volksgezondheid, Welzijn en Sport",454874,2068,36
2021,Rutte,Mark,Rutte,VVD,"minister-president, minister van Algemene Zaken",447316,2881,41
2021,Bergkamp,Vera,Bergkamp,D66,lid Tweede Kamer,248106,10895,84
2021,Ollongren,Kajsa,Ollongren,,"minister van Binnenlandse Zaken en Koninkrijksrelaties, viceminister-president",157817,813,35
2021,Wilders,Geert,Wilders,PVV,lid Tweede Kamer,149112,887,48
2021,Grapperhaus,Ferdinand,Grapperhaus,,minister van Justitie en Veiligheid,142059,801,23
2021,Hoekstra,Wopke,Hoekstra,CDA,minister van Financiën,127223,707,23
2021,Van der Plas,Caroline,Plas,BBB,lid Tweede Kamer,125830,1316,76
2021,Arib,Khadija,Arib,PvdA,lid Tweede Kamer,117798,3871,31
2021,Slob,Arie,Slob,ChristenUnie,minister voor Basis- en Voortgezet Onderwijs en Media,101793,348,17
2021,Paternotte,Jan,Paternotte,D66,lid Tweede Kamer,93996,742,35
2021,Simons,Sylvana,Simons,BIJ1,lid Tweede Kamer,90987,882,64
2021,Koolmees,Wouter,Koolmees,D66,minister van Sociale Zaken en Werkgelegenheid,90407,497,18
2021,Azarkan,Farid,Azarkan,DENK,lid Tweede Kamer,89377,874,47
2021,Leijten,Renske,Leijten,SP,lid Tweede Kamer,88532,704,39
2021,Schouten,Carola,Schouten,ChristenUnie,"minister van Landbouw, Natuur en Voedselkwaliteit",87931,532,15
2021,Van Haga,Wybren,Haga,Groep Van Haga,lid Tweede Kamer,80387,799,64
2021,Westerveld,Lisa,Westerveld,GroenLinks,lid Tweede Kamer,77571,478,46
2021,Van der Staaij,Kees,Staaij,SGP,lid Tweede Kamer,75510,438,55
2021,Bosma,Martin,Bosma,PVV,lid Tweede Kamer,74871,2849,38
2021,Marijnissen,Lilian,Marijnissen,SP,lid Tweede Kamer,74079,449,27
2021,Kaag,Sigrid,Kaag,D66,minister voor Buitenlandse Handel en Ontwikkelingssamenwerking,73735,518,19
2021,Omtzigt,Pieter,Omtzigt,CDA,lid Tweede Kamer,69370,552,33
2021,Van der Lee,Tom,Lee,GroenLinks-PvdA,lid Tweede Kamer,68347,1255,55
2021,Wiersma,Dennis,Wiersma,VVD,lid Tweede Kamer,68115,438,12
2021,Blok,Stef,Blok,,minister van Buitenlandse Zaken,68006,392,17
2021,Broekers-Knol,Ankie,Broekers-Knol,,staatssecretaris van Justitie en Veiligheid,67380,446,20
2021,Blokhuis,Paul,Blokhuis,,"staatssecretaris van Volksgezondheid, Welzijn en Sport",66409,290,12
2021,de Vries,Aukje,Vries,VVD,lid Tweede Kamer,64842,656,30
2021,Kuzu,Tunahan,Kuzu,DENK,lid Tweede Kamer,64209,577,55
2021,Van Ark,Tamara,Ark,VVD,staatssecretaris van Sociale Zaken en Werkgelegenheid,62971,290,18
2021,Klaver,Jesse,Klaver,GroenLinks,lid Tweede Kamer,62775,482,20
2021,Kuiken,Attje,Kuiken,PvdA,lid Tweede Kamer,61626,530,45
2021,Yeşilgöz-Zegerius,Dilan,Yeşilgöz-Zegerius,VVD,minister van Justitie en Veiligheid,61167,368,15
2021,Stoffer,Chris,Stoffer,SGP,lid Tweede Kamer,60478,475,53
2021,Van Weyenberg,Steven,Weyenberg,D66,lid Tweede Kamer,58763,305,24
2021,Nijboer,Henk,Nijboer,PvdA,lid Tweede Kamer,58191,436,50
2021,Bisschop,Roelof,Bisschop,SGP,lid Tweede Kamer,58032,534,57
2021,Tellegen,Ockje,Tellegen,VVD,lid Tweede Kamer,57044,3051,55
2021,Bikker,Mirjam,Bikker,ChristenUnie,lid Tweede Kamer,56557,376,40
2021,Kwint,Peter,Kwint,SP,lid Tweede Kamer,56264,418,25
2021,Knops,Raymond,Knops,CDA,lid Tweede Kamer,55586,161,8
2021,Knapen,Ben,Knapen,,minister van Buitenlandse Zaken,54785,277,12
2021,Eerdmans,Joost,Eerdmans,JA21,lid Tweede Kamer,54361,426,48
2021,Segers,Gert-Jan,Segers,ChristenUnie,lid Tweede Kamer,50773,365,28
2021,Van Esch,Eva,Esch,PvdD,lid Tweede Kamer,48883,400,39
2021,Jetten,Rob,Jetten,D66,lid Tweede Kamer,47948,288,12
2021,Hijink,Maarten,Hijink,SP,lid Tweede Kamer,47031,264,23
2021,Van Huffelen,Alexandra,Huffelen,,staatssecretaris Koninkrijksrelaties en Digitalisering,47000,218,8
2021,Agema,Fleur,Agema,PVV,lid Tweede Kamer,46158,644,45
2021,Ploumen,Lilianne,Ploumen,PvdA,lid Tweede Kamer,43704,321,23
2021,Ouwehand,Esther,Ouwehand,PvdD,lid Tweede Kamer,42903,325,23
2021,Van Nispen,Michiel,Nispen,SP,lid Tweede Kamer,42779,354,35
2021,van Dijk,Jasper,Dijk,SP,lid Tweede Kamer,42400,472,45
2021,Heerma,Pieter,Heerma,CDA,lid Tweede Kamer,41507,220,18
2021,Van Meenen,Paul,Meenen,D66,lid Tweede Kamer,41322,844,30
2021,Sneller,Joost,Sneller,D66,lid Tweede Kamer,40924,304,21
2021,Dekker,Sander,Dekker,,"staatssecretaris van Onderwijs, Cultuur en Wetenschap",40417,194,10
2021,Grinwis,Pieter,Grinwis,ChristenUnie,lid Tweede Kamer,40326,325,40
2021,Visser,Barbara,Visser,VVD,staatssecretaris van Defensie,39405,121,7
2021,Van Baarle,Stephan,Baarle,DENK,lid Tweede Kamer,39166,447,40
2021,Van den Berg,Joba,Berg,CDA,lid Tweede Kamer,39114,361,32
2021,Vijlbrief,Hans,Vijlbrief,D66,Lid Tweede Kamer,39072,216,11
2021,Markuszower,Gidi,Markuszower,PVV,lid Tweede Kamer,38667,423,36
2021,Den Haan,Liane,Haan,Fractie Den Haan,lid Tweede Kamer,38650,306,56
2021,Dassen,Laurens,Dassen,Volt,lid Tweede Kamer,37452,337,41
2021,Gündoğan,Nilüfer,Gündoğan,Volt,lid Tweede Kamer,36974,284,36
2021,Ceder,Don,Ceder,ChristenUnie,lid Tweede Kamer,36870,286,47
2021,Hermans,Sophie,Hermans,VVD,"minister van Klimaat en Groene Groei, viceminister-president",36844,289,8
2021,Van Raan,Lammert,Raan,PvdD,Lid Tweede Kamer,36530,390,40
2021,Belhaj,Salima,Belhaj,D66,lid Tweede Kamer,36424,471,39
2021,Amhaouch,Mustafa,Amhaouch,CDA,lid Tweede Kamer,35040,293,29
2021,Van 't Wout,Bas,Wout,VVD,Lid Tweede Kamer,34463,258,7
2021,Van Veldhoven-van der Meer,Stientje,van,,staatssecretaris van Infrastructuur en Waterstaat,34451,184,8
2021,Maatoug,Senna,Maatoug,GroenLinks,lid Tweede Kamer,32710,225,16
2021,Van Meijeren,Gideon,Meijeren,FVD,lid Tweede Kamer,31413,228,24
2021,Wassenberg,Frank,Wassenberg,PvdD,lid Tweede Kamer,30275,331,39
2021,Michon-Derkzen,Ingrid,Michon-Derkzen,VVD,lid Tweede Kamer,30180,230,18
2021,Van Houwelingen,Pepijn,Houwelingen,FVD,lid Tweede Kamer,30114,277,24
2021,Sjoerdsma,Sjoerd,Sjoerdsma,D66,lid Tweede Kamer,29354,208,21
2021,Bijleveld-Schouten,Ank,Bijleveld-Schouten,,minister van Defensie,29122,206,10
2021,Van Engelshoven,Ingrid,Engelshoven,D66,"minister van Onderwijs, Cultuur en Wetenschap",29122,96,9
2021,Mulder,Agnes,Mulder,CDA,lid Tweede Kamer,28631,544,35
2021,Beckerman,Sandra,Beckerman,SP,lid Tweede Kamer,28258,324,38
2021,Thijssen,Joris,Thijssen,GroenLinks-PvdA,lid Tweede Kamer,27926,231,25
2021,Boswijk,Derk,Boswijk,CDA,lid Tweede Kamer,27819,223,25
2021,Baudet,Thierry,Baudet,FvD,lid Tweede Kamer,27568,242,24
2021,Kamp,Henk,Kamp,,minister van Economische Zaken,27538,91,3
2021,Kuik,Anne,Kuik,CDA,lid Tweede Kamer,27470,495,41
2021,van Dijk,Inge,Dijk,CDA,lid Tweede Kamer,27069,162,32
2021,Aartsen,Thierry,Aartsen,VVD,lid Tweede Kamer,26769,211,10
2021,Pouw-Verweij,Nicki,Pouw-Verweij,JA21,lid Tweede Kamer,26703,187,35
2021,Peters,René,Peters,CDA,lid Tweede Kamer,26451,222,31
2021,Snels,Bart,Snels,GroenLinks,Lid Tweede Kamer,25296,123,12
2021,Van Wijngaarden,Jeroen,Wijngaarden,VVD,lid Tweede Kamer,25240,192,17
2021,Alkaya,Mahir,Alkaya,SP,lid Tweede Kamer,25190,186,25
2021,Bromet,Laura,Bromet,GroenLinks-PvdA,lid Tweede Kamer,25188,265,34
2021,Keijzer,Mona,Keijzer,CDA,lid Tweede Kamer,24987,148,8
2021,Piri,Kati,Piri,GroenLinks-PvdA,lid Tweede Kamer,24288,233,34
2021,Vestering,Leonie,Vestering,PvdD,lid Tweede Kamer,23938,201,23
2021,Tielen,Judith,Tielen,VVD,lid Tweede Kamer,23609,431,15
2021,van Dijk,Gijs,Dijk,PvdA,Lid Tweede Kamer,23291,156,20
2021,Teunissen,Christine,Teunissen,PvdD,lid Tweede Kamer,22414,223,29
2021,van Dijck,Tony,Dijck,PVV,lid Tweede Kamer,20965,137,9
2021,Becker,Bente,Becker,VVD,lid Tweede Kamer,20863,125,8
2021,Hammelburg,Alexander,Hammelburg,D66,lid Tweede Kamer,20542,146,15
2021,Koekkoek,Marieke,Koekkoek,Volt,lid Tweede Kamer,20521,162,28
2021,Dijkhoff,Klaas,Dijkhoff,VVD,staatssecretaris van Veiligheid en Justitie,19703,81,7
2021,Van Campen,Thom,Campen,VVD,lid Tweede Kamer,19693,137,18
2021,Palland,Hilde,Palland,CDA,lid Tweede Kamer,19635,135,25
2021,De Graaf,Machiel,Graaf,PVV,lid Tweede Kamer,19057,129,11
2021,Ellemeet,Corinne,Ellemeet,GroenLinks,lid Tweede Kamer,18808,163,22
2021,Kathmann,Barbara,Kathmann,GroenLinks-PvdA,lid Tweede Kamer,18706,92,18
2021,Eppink,Derk,Eppink,JA21,lid Tweede Kamer,18078,133,35
2021,Jansen,Freek,Jansen,FVD,lid Tweede Kamer,17973,222,23
2021,De Hoop,Habtamu,Hoop,GroenLinks-PvdA,lid Tweede Kamer,17694,152,20
2021,Bontenbal,Henri,Bontenbal,CDA,lid Tweede Kamer,17450,147,18
2021,Graus,Dion,Graus,PVV,lid Tweede Kamer,17413,188,13
2021,Van Kent,Bart,Kent,SP,lid Tweede Kamer,17373,162,13
2021,Van Nieuwenhuizen-Wijbenga,Cora,Nieuwenhuizen-Wijbenga,,minister van Infrastructuur en Waterstaat,16059,89,6
2021,Kops,Alexander,Kops,PVV,lid Tweede Kamer,15498,98,22
2021,Brekelmans,Ruben,Brekelmans,VVD,lid Tweede Kamer,15441,102,18
2021,De Bruijn,Tom,Bruijn,,minister voor Buitenlandse Handel en Ontwikkelingssamenwerking,15291,129,2
2021,Verhoeven,Kees,Verhoeven,D66,lid Tweede Kamer,14924,66,5
2021,Heinen,Eelco,Heinen,VVD,minister van Financiën,14195,80,6
2021,de Groot,Tjeerd,Groot,D66,lid Tweede Kamer,14187,153,17
2021,Boucke,Raoul,Boucke,D66,lid Tweede Kamer,13594,102,15
2021,Erkens,Silvio,Erkens,VVD,lid Tweede Kamer,13497,122,14
2021,De Roon,Raymond,Roon,PVV,lid Tweede Kamer,13491,98,15
2021,Koerhuis,Daniël,Koerhuis,VVD,lid Tweede Kamer,13484,129,16
2021,Beertema,Harm,Beertema,PVV,lid Tweede Kamer,13458,91,12
2021,Van der Graaf,Stieneke,Graaf,ChristenUnie,lid Tweede Kamer,13247,65,8
2021,de Jong,Léon,Jong,PVV,lid Tweede Kamer,13032,107,8
2021,Ellian,Ulysse,Ellian,VVD,lid Tweede Kamer,12931,73,10
2021,Van der Werf,Hanneke,Werf,D66,lid Tweede Kamer,12812,116,14
2021,Kamminga,Roelien,Kamminga,VVD,lid Tweede Kamer,12687,60,6
2021,Maeijer,Vicky,Maeijer,PVV,lid Tweede Kamer,11972,79,18
2021,de Jong,Romke,Jong,D66,lid Tweede Kamer,11592,71,10
2021,Mulder,Edgar,Mulder,PVV,lid Tweede Kamer,11262,113,20
2021,Van Toorenburg,Madeleine,Toorenburg,CDA,lid Tweede Kamer,11053,182,12
2021,de Groot,Peter,Groot,VVD,lid Tweede Kamer,10973,76,11
2021,Kröger,Suzanne,Kröger,GroenLinks,lid Tweede Kamer,10665,105,13
2021,Van Kooten-Arissen,Femke,Kooten-Arissen,vKA,lid Tweede Kamer,10540,98,12
2021,Madlener,Barry,Madlener,PVV,lid Tweede Kamer,10342,87,9
2021,Bouchallikh,Kauthar,Bouchallikh,GroenLinks,lid Tweede Kamer,9089,64,13
2021,Fritsma,Sietse,Fritsma,PVV,lid Tweede Kamer,9051,77,9
2021,Hagen,Kiki,Hagen,D66,lid Tweede Kamer,8641,65,11
2021,Sazias,Léonie,Sazias,50PLUS,Lid Tweede Kamer,8558,87,8
2021,Groothuizen,Maarten,Groothuizen,D66,Lid Tweede Kamer,8436,44,4
2021,Van Ojik,Bram,Ojik,GroenLinks,lid Tweede Kamer,8391,61,7
2021,Paul,Mariëlle,Paul,VVD,staatssecretaris Funderend Onderwijs en Emancipatie,8321,54,7
2021,Klink,Jan,Klink,VVD,lid Tweede Kamer,8080,65,6
2021,Van der Laan,Jeanet,Laan,D66,lid Tweede Kamer,8055,30,11
2021,Van der Molen,Harry,Molen,CDA,lid Tweede Kamer,7514,43,5
2021,Dik-Faber,Carla,Dik-Faber,ChristenUnie,lid Tweede Kamer,7497,47,8
2021,Geurts,Jaco,Geurts,CDA,lid Tweede Kamer,7327,71,24
2021,Van den Berge,Niels,Berge,GroenLinks,lid Tweede Kamer,7164,52,5
2021,Ephraim,Olaf,Ephraim,Groep Van Haga,lid Tweede Kamer,7156,138,27
2021,Van Dam,Chris,Dam,CDA,lid Tweede Kamer,7114,65,4
2021,Rajkowski,Queeny,Rajkowski,VVD,lid Tweede Kamer,7089,33,10
2021,Van Otterloo,Gerrit,Otterloo,50PLUS,lid Tweede Kamer,7018,45,10
2021,Veldman,Hayke,Veldman,VVD,lid Tweede Kamer,6974,56,5
2021,Paulusma,Wieke,Paulusma,D66,lid Tweede Kamer,6743,44,7
2021,Smeulders,Paul,Smeulders,GroenLinks,lid Tweede Kamer,6202,46,10
2021,Van Brenk,Corrie,Brenk,50PLUS,lid Tweede Kamer,6151,64,8
2021,Jorritsma-Lebbink,Annemarie,Jorritsma-Lebbink,,,6136,95,1
2021,Krol,Henk,Krol,50PLUS,lid Tweede Kamer,6093,56,13
2021,Van Beukering-Huijbregts,Marijke,Beukering-Huijbregts,D66,lid Tweede Kamer,6051,54,9
2021,Heerema,Rudmer,Heerema,VVD,lid Tweede Kamer,5941,39,11
2021,Boulakjar,Faissal,Boulakjar,D66,lid Tweede Kamer,5940,65,14
2021,De Kort,Daan,Kort,VVD,lid Tweede Kamer,5923,47,7
2021,Van Ginneken,Lisa,Ginneken,D66,lid Tweede Kamer,5191,37,7
2021,Helder,Lilian,Helder,PVV,lid Tweede Kamer,5182,26,5
2021,Idsinga,Folkert,Idsinga,NSC,lid Tweede Kamer,5155,37,7
2021,Hamer,Mariëtte,Hamer,PvdA,Lid Tweede Kamer,4905,23,2
2021,Kat,Hülya,Kat,D66,lid Tweede Kamer,4833,41,8
2021,Remkes,Johan,Remkes,,informateur,4591,27,2
2021,El Yassini,Zohair,El,VVD,lid Tweede Kamer,4557,19,3
2021,Van Raak,Ronald,Raak,SP,lid Tweede Kamer,4257,22,3
2021,Asscher,Lodewijk,Asscher,PvdA,"minister van Sociale Zaken en Werkgelegenheid, viceminister-president",4234,32,1
2021,Sienot,Matthijs,Sienot,D66,lid Tweede Kamer,4180,28,3
2021,Valstar,Peter,Valstar,VVD,lid Tweede Kamer,4083,19,6
2021,Snoeren,Mark,Snoeren,VVD,lid Tweede Kamer,3785,24,3
2021,Werner,Lucille,Werner,CDA,lid Tweede Kamer,3704,22,6
2021,Voordewind,Joel,Voordewind,ChristenUnie,lid Tweede Kamer,3380,48,8
2021,Van Weerdenburg,Danai,Weerdenburg,PVV,lid Tweede Kamer,3362,25,3
2021,Van den Hil,Jacqueline,Hil,VVD,lid Tweede Kamer,3342,16,3
2021,Wuite,Jorien,Wuite,D66,lid Tweede Kamer,3329,28,5
2021,Van der Woude,Hatte,Woude,VVD,lid Tweede Kamer,3223,13,2
2021,Bosman,André,Bosman,VVD,lid Tweede Kamer,3202,25,2
2021,Raemakers,Rens,Raemakers,D66,Lid Tweede Kamer,2958,22,4
2021,Bruins,Eppo,Bruins,ChristenUnie,lid Tweede Kamer,2909,27,3
2021,Terpstra,Julius,Terpstra,CDA,lid Tweede Kamer,2768,18,5
2021,Van Strien,Pim,Strien,VVD,lid Tweede Kamer,2550,10,4
2021,Tjeenk Willink,Herman,Tjeenk,,kabinetsinformateur,2457,1,1
2021,Visser,Arno,Visser,,president van de Algemene Rekenkamer,2351,2,1
2021,Podt,Anne-Marijke,Podt,D66,lid Tweede Kamer,2343,12,6
2021,Ziengs,Erik,Ziengs,VVD,lid Tweede Kamer,2033,114,3
2021,Van Eijs,Jessica,Eijs,D66,Lid Tweede Kamer,1851,13,6
2021,Gündogan,Nilüfer,Gündogan,Volt,lid Tweede Kamer,1784,11,1
2021,Karabulut,Sadet,Karabulut,SP,lid Tweede Kamer,1780,30,4
2021,Minhas,Fahid,Minhas,VVD,lid Tweede Kamer,1730,18,3
2021,Van Gent,Tobias,Gent,VVD,lid Tweede Kamer,1510,7,2
2021,Weverling,Arne,Weverling,VVD,lid Tweede Kamer,1505,8,1
2021,Kerseboom,Simone,Kerseboom,FVD,lid Tweede Kamer,1460,57,12
2021,Moorlag,William,Moorlag,PvdA,lid Tweede Kamer,1402,11,2
2021,Van Helvert,Martijn,Helvert,CDA,lid Tweede Kamer,1356,18,4
2021,Buitenweg,Kathalijne,Buitenweg,GroenLinks,Lid Tweede Kamer,1350,17,4
2021,Özütok,Nevin,Özütok,GroenLinks,Lid Tweede Kamer,1299,6,2
2021,Wiebes,Eric,Wiebes,,minister van Economische Zaken en Klimaat,1222,10,1
2021,Futselaar,Frank,Futselaar,SP,lid Tweede Kamer,1220,10,2
2021,Azmani,Malik,Azmani,VVD,lid Tweede Kamer,1218,6,1
2021,Van Zutphen,Reinier,van,,Nationale ombudsman,1194,2,1
2021,Smolders,Hans,Smolders,Groep Van Haga,lid Tweede Kamer,1194,7,1
2021,Koopmans,Sven,Koopmans,VVD,Lid Tweede Kamer,1110,11,2
2021,Öztürk,Selcuk,Öztürk,DENK,lid Tweede Kamer,1067,21,5
2021,De Neef,Daan,Neef,VVD,lid Tweede Kamer,973,6,5
2021,Ruissen,Bert-Jan,Ruissen,EP/SGP,lid Europees Parlement,934,3,1
2021,In 't Veld,Sophie,Veld,EP/D66,lid Europees Parlement,920,4,1
2021,Van Gerven,Henk,Gerven,SP,lid Tweede Kamer,882,29,4
2021,Eickhout,Bas,Eickhout,EP/GroenLinks,lid Europees Parlement,794,1,1
2021,Roos,Robert,Roos,EP/JA21,lid Europees Parlement,775,3,1
2021,Van Schaik,Marieke,Schaik,,,766,1,1
2021,Yanover,Gary,Yanover,,,701,1,1
2021,Kramer,Natalie,Kramer,,,695,2,1
2021,De Lange,Esther,Lange,EP/CDA,lid Europese Parlement,656,1,1
2021,Smals,Bart,Smals,VVD,lid Tweede Kamer,631,8,5
2021,Jongerius,Agnes,Jongerius,EP/PvdA,lid Europees Parlement,609,2,1
2021,Renkema,Wim-Jan,Renkema,GroenLinks,lid Tweede Kamer,430,8,1
2021,De Jong,Leon,Jong,PVV,Lid Tweede Kamer,420,5,2
2021,Wörsdörfer,Martin,Wörsdörfer,VVD,lid Tweede Kamer,408,12,1
2021,Van den Hul,Kirsten,Hul,PvdA,lid Tweede Kamer,349,7,2
2021,Regterschot,Kelly,Regterschot,VVD,lid Tweede Kamer,331,1,1
2021,Laçin,Cem,Laçin,SP,Lid Tweede Kamer,326,8,2
2021,Dijkstra,Remco,Dijkstra,VVD,lid Tweede Kamer,322,1,1
2021,Schonis,Rutger,Schonis,D66,lid Tweede Kamer,310,2,1
2021,Laan-Geselschap,Antoinette,Laan-Geselschap,VVD,lid Tweede Kamer,275,6,2
2021,Kerstens,John,Kerstens,PvdA,lid Tweede Kamer,273,10,2
2021,Van Aalst,Roy,Aalst,PVV,Lid Tweede Kamer,215,2,1
2021,Lodders,Helma,Lodders,VVD,lid Tweede Kamer,212,5,2
2021,Middendorp,Jan,Middendorp,VVD,Lid Tweede Kamer,172,2,1
2021,Bolkestein,Martijn,Bolkestein,VVD,lid Tweede Kamer,141,3,1
2021,Smeets,Sidney,Smeets,D66,lid Tweede Kamer,128,2,1
2021,Van den Anker,Gerard,Anker,CDA,lid Tweede Kamer,61,3,1
2021,Diertens,Antje,Diertens,D66,lid Tweede Kamer,32,1,1
2021,Strolenberg,Mark,Strolenberg,VVD,lid Tweede Kamer,6,1,1
2021,Verkuijlen,Ruud,Verkuijlen,VVD,lid Tweede Kamer,5,1,1
2021,Sahla,Fonda,Sahla,D66,lid Tweede Kamer,5,1,1
2020,De Jonge,Hugo,Jonge,,"minister van Volksgezondheid, Welzijn en Sport",470951,2462,41
2020,Rutte,Mark,Rutte,VVD,"minister-president, minister van Algemene Zaken",416461,2646,39
2020,Arib,Khadija,Arib,PvdA,lid Tweede Kamer,262944,14849,100
2020,Wilders,Geert,Wilders,PVV,lid Tweede Kamer,168167,1081,58
2020,Slob,Arie,Slob,ChristenUnie,minister voor Basis- en Voortgezet Onderwijs en Media,155884,586,18
2020,Wiebes,Eric,Wiebes,,minister van Economische Zaken en Klimaat,147755,949,21
2020,Hoekstra,Wopke,Hoekstra,CDA,minister van Financiën,146917,753,19
2020,Grapperhaus,Ferdinand,Grapperhaus,,minister van Justitie en Veiligheid,144006,937,36
2020,Koolmees,Wouter,Koolmees,D66,minister van Sociale Zaken en Werkgelegenheid,126498,693,19
2020,Ollongren,Kajsa,Ollongren,,"minister van Binnenlandse Zaken en Koninkrijksrelaties, viceminister-president",126490,611,19
2020,Schouten,Carola,Schouten,ChristenUnie,"minister van Landbouw, Natuur en Voedselkwaliteit",116932,687,13
2020,Asscher,Lodewijk,Asscher,PvdA,"minister van Sociale Zaken en Werkgelegenheid, viceminister-president",112157,813,40
2020,Jetten,Rob,Jetten,D66,lid Tweede Kamer,108002,731,38
2020,Klaver,Jesse,Klaver,GroenLinks,lid Tweede Kamer,102573,709,30
2020,Knops,Raymond,Knops,CDA,lid Tweede Kamer,102046,357,12
2020,Azarkan,Farid,Azarkan,DENK,lid Tweede Kamer,100367,1025,67
2020,Ouwehand,Esther,Ouwehand,PvdD,lid Tweede Kamer,100013,843,39
2020,Van Engelshoven,Ingrid,Engelshoven,D66,"minister van Onderwijs, Cultuur en Wetenschap",97675,446,17
2020,Van Ark,Tamara,Ark,VVD,staatssecretaris van Sociale Zaken en Werkgelegenheid,95598,410,21
2020,Van Nieuwenhuizen-Wijbenga,Cora,Nieuwenhuizen-Wijbenga,,minister van Infrastructuur en Waterstaat,94135,637,24
2020,Baudet,Thierry,Baudet,FvD,lid Tweede Kamer,88593,905,56
2020,Van der Staaij,Kees,Staaij,SGP,lid Tweede Kamer,86509,560,64
2020,Hijink,Maarten,Hijink,SP,lid Tweede Kamer,86140,544,33
2020,Dekker,Sander,Dekker,,"staatssecretaris van Onderwijs, Cultuur en Wetenschap",84531,336,13
2020,Blok,Stef,Blok,,minister van Buitenlandse Zaken,83339,534,18
2020,Van Veldhoven-van der Meer,Stientje,van,,staatssecretaris van Infrastructuur en Waterstaat,83018,483,17
2020,Omtzigt,Pieter,Omtzigt,CDA,lid Tweede Kamer,82693,688,34
2020,Marijnissen,Lilian,Marijnissen,SP,lid Tweede Kamer,80733,506,37
2020,Bisschop,Roelof,Bisschop,SGP,lid Tweede Kamer,78233,726,55
2020,Van Meenen,Paul,Meenen,D66,lid Tweede Kamer,75979,1128,42
2020,Dijkhoff,Klaas,Dijkhoff,VVD,staatssecretaris van Veiligheid en Justitie,70098,364,17
2020,Van Weyenberg,Steven,Weyenberg,D66,lid Tweede Kamer,69505,519,43
2020,Kaag,Sigrid,Kaag,D66,minister voor Buitenlandse Handel en Ontwikkelingssamenwerking,68483,297,7
2020,Nijboer,Henk,Nijboer,PvdA,lid Tweede Kamer,64500,473,44
2020,Heerma,Pieter,Heerma,CDA,lid Tweede Kamer,63311,411,24
2020,Van der Lee,Tom,Lee,GroenLinks-PvdA,lid Tweede Kamer,62946,1656,54
2020,Kuiken,Attje,Kuiken,PvdA,lid Tweede Kamer,60461,434,48
2020,Van Haga,Wybren,Haga,Groep Van Haga,lid Tweede Kamer,60297,528,59
2020,Moorlag,William,Moorlag,PvdA,lid Tweede Kamer,60238,575,43
2020,Stoffer,Chris,Stoffer,SGP,lid Tweede Kamer,60038,467,57
2020,Van Ojik,Bram,Ojik,GroenLinks,lid Tweede Kamer,59879,575,36
2020,Segers,Gert-Jan,Segers,ChristenUnie,lid Tweede Kamer,58957,425,24
2020,Van Huffelen,Alexandra,Huffelen,,staatssecretaris Koninkrijksrelaties en Digitalisering,55895,296,8
2020,Kwint,Peter,Kwint,SP,lid Tweede Kamer,55739,385,24
2020,Lodders,Helma,Lodders,VVD,lid Tweede Kamer,55687,1119,36
2020,Van Toorenburg,Madeleine,Toorenburg,CDA,lid Tweede Kamer,55208,1429,47
2020,Dik-Faber,Carla,Dik-Faber,ChristenUnie,lid Tweede Kamer,55097,388,46
2020,Bruins,Eppo,Bruins,ChristenUnie,lid Tweede Kamer,54751,415,54
2020,Veldman,Hayke,Veldman,VVD,lid Tweede Kamer,54592,463,33
2020,Van Nispen,Michiel,Nispen,SP,lid Tweede Kamer,54560,361,38
2020,Broekers-Knol,Ankie,Broekers-Knol,,staatssecretaris van Justitie en Veiligheid,54098,361,15
2020,Van der Graaf,Stieneke,Graaf,ChristenUnie,lid Tweede Kamer,53284,310,48
2020,Van Raan,Lammert,Raan,PvdD,Lid Tweede Kamer,53280,612,55
2020,Van Brenk,Corrie,Brenk,50PLUS,lid Tweede Kamer,52613,560,52
2020,Van der Molen,Harry,Molen,CDA,lid Tweede Kamer,52222,337,33
2020,Graus,Dion,Graus,PVV,lid Tweede Kamer,51346,485,29
2020,Leijten,Renske,Leijten,SP,lid Tweede Kamer,50481,430,31
2020,Alkaya,Mahir,Alkaya,SP,lid Tweede Kamer,50255,314,28
2020,Bijleveld-Schouten,Ank,Bijleveld-Schouten,,minister van Defensie,49179,300,11
2020,Van Raak,Ronald,Raak,SP,lid Tweede Kamer,48995,322,33
2020,Westerveld,Lisa,Westerveld,GroenLinks,lid Tweede Kamer,48581,349,35
2020,Bosma,Martin,Bosma,PVV,lid Tweede Kamer,48330,1247,28
2020,Van Dam,Chris,Dam,CDA,lid Tweede Kamer,48130,400,39
2020,Van Kooten-Arissen,Femke,Kooten-Arissen,vKA,lid Tweede Kamer,47976,400,55
2020,Buitenweg,Kathalijne,Buitenweg,GroenLinks,Lid Tweede Kamer,47752,345,33
2020,Van Esch,Eva,Esch,PvdD,lid Tweede Kamer,46581,343,38
2020,Vijlbrief,Hans,Vijlbrief,D66,Lid Tweede Kamer,45467,321,11
2020,Van den Hul,Kirsten,Hul,PvdA,lid Tweede Kamer,45082,316,31
2020,Bruins,Bruno,Bruins,,minister voor Medische Zorg en Sport,44388,337,12
2020,Futselaar,Frank,Futselaar,SP,lid Tweede Kamer,44304,405,36
2020,Karabulut,Sadet,Karabulut,SP,lid Tweede Kamer,43010,460,31
2020,Van Otterloo,Gerrit,Otterloo,50PLUS,lid Tweede Kamer,42320,284,49
2020,Sneller,Joost,Sneller,D66,lid Tweede Kamer,41791,280,25
2020,Heerema,Rudmer,Heerema,VVD,lid Tweede Kamer,41659,364,24
2020,Van den Berge,Niels,Berge,GroenLinks,lid Tweede Kamer,41531,260,31
2020,Keijzer,Mona,Keijzer,CDA,lid Tweede Kamer,41351,250,11
2020,Visser,Barbara,Visser,VVD,staatssecretaris van Defensie,40827,193,7
2020,Kuzu,Tunahan,Kuzu,DENK,lid Tweede Kamer,40371,347,39
2020,Beckerman,Sandra,Beckerman,SP,lid Tweede Kamer,40145,360,30
2020,Voordewind,Joel,Voordewind,ChristenUnie,lid Tweede Kamer,39793,468,44
2020,Van Helvert,Martijn,Helvert,CDA,lid Tweede Kamer,39683,279,23
2020,Verhoeven,Kees,Verhoeven,D66,lid Tweede Kamer,38945,212,17
2020,Van den Berg,Joba,Berg,CDA,lid Tweede Kamer,38864,374,31
2020,Snels,Bart,Snels,GroenLinks,Lid Tweede Kamer,38689,247,23
2020,Kröger,Suzanne,Kröger,GroenLinks,lid Tweede Kamer,36716,374,28
2020,Blokhuis,Paul,Blokhuis,,"staatssecretaris van Volksgezondheid, Welzijn en Sport",36590,185,12
2020,Kerstens,John,Kerstens,PvdA,lid Tweede Kamer,36568,302,27
2020,Bergkamp,Vera,Bergkamp,D66,lid Tweede Kamer,36352,579,33
2020,Ellemeet,Corinne,Ellemeet,GroenLinks,lid Tweede Kamer,35253,286,20
2020,Wassenberg,Frank,Wassenberg,PvdD,lid Tweede Kamer,35173,313,41
2020,Agema,Fleur,Agema,PVV,lid Tweede Kamer,35158,382,44
2020,Krol,Henk,Krol,50PLUS,lid Tweede Kamer,35003,314,55
2020,Groothuizen,Maarten,Groothuizen,D66,Lid Tweede Kamer,34952,196,28
2020,Ploumen,Lilianne,Ploumen,PvdA,lid Tweede Kamer,34549,349,47
2020,Smeulders,Paul,Smeulders,GroenLinks,lid Tweede Kamer,33703,245,24
2020,Amhaouch,Mustafa,Amhaouch,CDA,lid Tweede Kamer,33683,295,23
2020,Paternotte,Jan,Paternotte,D66,lid Tweede Kamer,33681,332,27
2020,Belhaj,Salima,Belhaj,D66,lid Tweede Kamer,33367,271,22
2020,Laçin,Cem,Laçin,SP,Lid Tweede Kamer,31560,338,36
2020,Beertema,Harm,Beertema,PVV,lid Tweede Kamer,29567,262,22
2020,Bosman,André,Bosman,VVD,lid Tweede Kamer,29423,224,20
2020,Sjoerdsma,Sjoerd,Sjoerdsma,D66,lid Tweede Kamer,28767,227,23
2020,Dijkstra,Remco,Dijkstra,VVD,lid Tweede Kamer,28750,228,26
2020,Tellegen,Ockje,Tellegen,VVD,lid Tweede Kamer,28671,1739,38
2020,Bromet,Laura,Bromet,GroenLinks-PvdA,lid Tweede Kamer,28655,264,29
2020,Van Rijn,Martin,Rijn,,"staatssecretaris van Volksgezondheid, Welzijn en Sport",28581,129,6
2020,de Vries,Aukje,Vries,VVD,lid Tweede Kamer,28218,511,19
2020,Yeşilgöz-Zegerius,Dilan,Yeşilgöz-Zegerius,VVD,minister van Justitie en Veiligheid,27506,154,24
2020,Renkema,Wim-Jan,Renkema,GroenLinks,lid Tweede Kamer,27165,452,29
2020,Sienot,Matthijs,Sienot,D66,lid Tweede Kamer,26697,227,22
2020,Slootweg,Evert-Jan,Slootweg,CDA,lid Tweede Kamer,26650,188,23
2020,Mulder,Agnes,Mulder,CDA,lid Tweede Kamer,26608,421,21
2020,Markuszower,Gidi,Markuszower,PVV,lid Tweede Kamer,26351,178,24
2020,Öztürk,Selcuk,Öztürk,DENK,lid Tweede Kamer,26215,304,45
2020,Harbers,Mark,Harbers,VVD,lid Tweede Kamer,26094,141,19
2020,Ziengs,Erik,Ziengs,VVD,lid Tweede Kamer,25546,746,23
2020,Wiersma,Dennis,Wiersma,VVD,lid Tweede Kamer,25186,188,14
2020,Weverling,Arne,Weverling,VVD,lid Tweede Kamer,24955,244,21
2020,De Jong,Leon,Jong,PVV,Lid Tweede Kamer,24587,166,15
2020,Geurts,Jaco,Geurts,CDA,lid Tweede Kamer,24526,218,23
2020,van Dijk,Gijs,Dijk,PvdA,Lid Tweede Kamer,23755,164,18
2020,Özütok,Nevin,Özütok,GroenLinks,Lid Tweede Kamer,23733,150,26
2020,Van 't Wout,Bas,Wout,VVD,Lid Tweede Kamer,23600,150,6
2020,Becker,Bente,Becker,VVD,lid Tweede Kamer,23000,146,17
2020,de Groot,Tjeerd,Groot,D66,lid Tweede Kamer,22906,230,21
2020,Rog,Michel,Rog,CDA,lid Tweede Kamer,22816,518,24
2020,van Dijk,Jasper,Dijk,SP,lid Tweede Kamer,22778,228,31
2020,Kops,Alexander,Kops,PVV,lid Tweede Kamer,22364,262,25
2020,Aartsen,Thierry,Aartsen,VVD,lid Tweede Kamer,21296,134,10
2020,Van Aalst,Roy,Aalst,PVV,Lid Tweede Kamer,20444,219,25
2020,van Dijk,Emiel,Dijk,PVV,lid Tweede Kamer,20364,192,26
2020,Van Eijs,Jessica,Eijs,D66,Lid Tweede Kamer,20309,165,24
2020,van Dijck,Tony,Dijck,PVV,lid Tweede Kamer,19275,153,11
2020,Koopmans,Sven,Koopmans,VVD,Lid Tweede Kamer,19099,150,15
2020,Middendorp,Jan,Middendorp,VVD,Lid Tweede Kamer,18967,167,12
2020,Sazias,Léonie,Sazias,50PLUS,Lid Tweede Kamer,18895,184,33
2020,Jansen,Chris,Jansen,PVV,staatssecretaris Openbaar Vervoer en Milieu,18095,176,18
2020,Diertens,Antje,Diertens,D66,lid Tweede Kamer,18063,152,24
2020,Peters,René,Peters,CDA,lid Tweede Kamer,17758,145,24
2020,De Roon,Raymond,Roon,PVV,lid Tweede Kamer,17708,445,19
2020,Van Gerven,Henk,Gerven,SP,lid Tweede Kamer,17567,177,23
2020,Palland,Hilde,Palland,CDA,lid Tweede Kamer,17186,106,22
2020,Diks,Isabelle,Diks,GroenLinks,Lid Tweede Kamer,17126,197,8
2020,Mulder,Anne,Mulder,VVD,lid Tweede Kamer,16879,343,10
2020,Von Martels,Maurits,Martels,CDA,Lid Tweede Kamer,16834,165,20
2020,El Yassini,Zohair,El,VVD,lid Tweede Kamer,16508,106,11
2020,Kuik,Anne,Kuik,CDA,lid Tweede Kamer,16318,147,25
2020,Van Kent,Bart,Kent,SP,lid Tweede Kamer,16242,152,9
2020,Van Gent,Tobias,Gent,VVD,lid Tweede Kamer,15657,88,18
2020,Koerhuis,Daniël,Koerhuis,VVD,lid Tweede Kamer,15515,219,20
2020,Laan-Geselschap,Antoinette,Laan-Geselschap,VVD,lid Tweede Kamer,15292,88,16
2020,Tielen,Judith,Tielen,VVD,lid Tweede Kamer,15108,171,14
2020,Hiddema,Theo,Hiddema,FvD,lid Tweede Kamer,14329,145,23
2020,Madlener,Barry,Madlener,PVV,lid Tweede Kamer,14254,97,11
2020,Van Wijngaarden,Jeroen,Wijngaarden,VVD,lid Tweede Kamer,13479,131,23
2020,Schonis,Rutger,Schonis,D66,lid Tweede Kamer,13363,194,18
2020,Van den Nieuwenhuijzen,Tom,Nieuwenhuijzen,GroenLinks,lid Tweede Kamer,13141,93,10
2020,Bouali,Achraf,Bouali,D66,lid Tweede Kamer,13114,78,11
2020,Ronnes,Erik,Ronnes,CDA,lid Tweede Kamer,12925,140,18
2020,Van Dissel,Jaap,Dissel,,,12176,30,1
2020,Postma,Wytske,Postma,NSC,lid Tweede Kamer,11383,105,13
2020,Helder,Lilian,Helder,PVV,lid Tweede Kamer,11324,70,10
2020,Raemakers,Rens,Raemakers,D66,Lid Tweede Kamer,11101,84,5
2020,Van Beukering-Huijbregts,Marijke,Beukering-Huijbregts,D66,lid Tweede Kamer,9523,53,15
2020,Wörsdörfer,Martin,Wörsdörfer,VVD,lid Tweede Kamer,9437,60,14
2020,De Graaf,Machiel,Graaf,PVV,lid Tweede Kamer,9325,67,15
2020,Den Boer,Monica,Boer,D66,lid Tweede Kamer,9145,78,8
2020,Van den Bosch,Albert,Bosch,VVD,Lid Tweede Kamer,8898,38,5
2020,Nijkerken-de Haan,Chantal,Nijkerken-de,VVD,lid Tweede Kamer,8255,51,4
2020,Mulder,Edgar,Mulder,PVV,lid Tweede Kamer,8200,57,18
2020,Smals,Bart,Smals,VVD,lid Tweede Kamer,7344,48,11
2020,Van der Linde,Roald,Linde,VVD,lid Tweede Kamer,6629,73,12
2020,Terpstra,Julius,Terpstra,CDA,lid Tweede Kamer,6577,55,7
2020,Dijkstra,Pia,Dijkstra,D66,lid Tweede Kamer,6358,161,8
2020,Van Weerdenburg,Danai,Weerdenburg,PVV,lid Tweede Kamer,6310,42,4
2020,Hermans,Sophie,Hermans,VVD,"minister van Klimaat en Groene Groei, viceminister-president",5875,56,8
2020,Geluk-Poortvliet,Lenny,Geluk-Poortvliet,CDA,lid Tweede kamer,5200,59,5
2020,Adema,Wout,Adema,,,3963,17,1
2020,Fritsma,Sietse,Fritsma,PVV,lid Tweede Kamer,3739,32,2
2020,Rigter,Nicolette,Rigter,,,3092,16,1
2020,Kroegman,Michael,Kroegman,,,3025,16,1
2020,Gomes,Jacqueline,Gomes,,,3013,12,1
2020,Snoeren,Mark,Snoeren,VVD,lid Tweede Kamer,2853,6,1
2020,Hooglugt,Vera,Hooglugt,,,2169,17,1
2020,Van de Bilt,Erika,Bilt,,,2141,20,1
2020,Brokelman,Sjoerian,Brokelman,,,2131,21,1
2020,Bosman,Diederik,Bosman,,,1745,14,1
2020,Van Zutphen,Reinier,van,,Nationale ombudsman,1659,2,1
2020,Regterschot,Kelly,Regterschot,VVD,lid Tweede Kamer,1558,20,9
2020,Bolkestein,Martijn,Bolkestein,VVD,lid Tweede Kamer,1554,5,2
2020,Eppink,Derk,Eppink,JA21,lid Tweede Kamer,1409,14,1
2020,Eickhout,Bas,Eickhout,EP/GroenLinks,lid Europees Parlement,1237,9,1
2020,In 't Veld,Sophie,Veld,EP/D66,lid Europees Parlement,1174,7,1
2020,Van Bergen,Gerda,Bergen,,,1165,5,1
2020,Maeijer,Vicky,Maeijer,PVV,lid Tweede Kamer,1155,6,4
2020,Visser,Arno,Visser,,president van de Algemene Rekenkamer,1144,1,1
2020,Azmani,Malik,Azmani,VVD,lid Tweede Kamer,1068,5,1
2020,Von Martels,Maurits,von,CDA,lid Tweede Kamer,888,6,2
2020,De Lange,Esther,Lange,EP/CDA,lid Europese Parlement,856,1,1
2020,Rookmaker,Dorien,Rookmaker,EP/Rookmaker,lid Europees Parlement,848,6,1
2020,Ruissen,Bert-Jan,Ruissen,EP/SGP,lid Europees Parlement,802,3,1
2020,De Vries,Peter,De,,,800,1,1
2020,Bos,Natasja,Bos,,,791,2,1
2020,Jongerius,Agnes,Jongerius,EP/PvdA,lid Europees Parlement,745,2,1
2020,Yesilgöz-Zegerius,Dilan,Yesilgöz-Zegerius,VVD,minister van Justitie en Veiligheid,425,2,1
2019,Arib,Khadija,Arib,PvdA,lid Tweede Kamer,291658,17130,109
2019,De Jonge,Hugo,Jonge,,"minister van Volksgezondheid, Welzijn en Sport",222315,1053,25
2019,Schouten,Carola,Schouten,ChristenUnie,"minister van Landbouw, Natuur en Voedselkwaliteit",196918,1183,30
2019,Rutte,Mark,Rutte,VVD,"minister-president, minister van Algemene Zaken",193673,1432,24
2019,Snel,Menno,Snel,,staatssecretaris van Financiën,192017,860,16
2019,Slob,Arie,Slob,ChristenUnie,minister voor Basis- en Voortgezet Onderwijs en Media,172659,760,29
2019,Grapperhaus,Ferdinand,Grapperhaus,,minister van Justitie en Veiligheid,172339,1070,39
2019,Koolmees,Wouter,Koolmees,D66,minister van Sociale Zaken en Werkgelegenheid,165219,792,24
2019,Bruins,Bruno,Bruins,,minister voor Medische Zorg en Sport,152543,930,27
2019,Van Nieuwenhuizen-Wijbenga,Cora,Nieuwenhuizen-Wijbenga,,minister van Infrastructuur en Waterstaat,140640,983,24
2019,Wiebes,Eric,Wiebes,,minister van Economische Zaken en Klimaat,130108,818,22
2019,Hoekstra,Wopke,Hoekstra,CDA,minister van Financiën,126889,676,24
2019,Van Engelshoven,Ingrid,Engelshoven,D66,"minister van Onderwijs, Cultuur en Wetenschap",117753,561,19
2019,Ollongren,Kajsa,Ollongren,,"minister van Binnenlandse Zaken en Koninkrijksrelaties, viceminister-president",112156,570,19
2019,Knops,Raymond,Knops,CDA,lid Tweede Kamer,105279,493,18
2019,Blok,Stef,Blok,,minister van Buitenlandse Zaken,104360,771,24
2019,Ouwehand,Esther,Ouwehand,PvdD,lid Tweede Kamer,102816,1041,71
2019,Dekker,Sander,Dekker,,"staatssecretaris van Onderwijs, Cultuur en Wetenschap",100075,536,21
2019,Nijboer,Henk,Nijboer,PvdA,lid Tweede Kamer,98789,1062,67
2019,Omtzigt,Pieter,Omtzigt,CDA,lid Tweede Kamer,86064,674,57
2019,Van Weyenberg,Steven,Weyenberg,D66,lid Tweede Kamer,82230,511,59
2019,Leijten,Renske,Leijten,SP,lid Tweede Kamer,79973,714,45
2019,Lodders,Helma,Lodders,VVD,lid Tweede Kamer,77078,1544,62
2019,Bosma,Martin,Bosma,PVV,lid Tweede Kamer,76792,3014,44
2019,Van Toorenburg,Madeleine,Toorenburg,CDA,lid Tweede Kamer,74440,1275,70
2019,Baudet,Thierry,Baudet,FvD,lid Tweede Kamer,73983,1192,61
2019,Van Ark,Tamara,Ark,VVD,staatssecretaris van Sociale Zaken en Werkgelegenheid,73240,411,18
2019,Kwint,Peter,Kwint,SP,lid Tweede Kamer,72199,631,52
2019,Westerveld,Lisa,Westerveld,GroenLinks,lid Tweede Kamer,71696,622,69
2019,Van Veldhoven-van der Meer,Stientje,van,,staatssecretaris van Infrastructuur en Waterstaat,69976,455,15
2019,Stoffer,Chris,Stoffer,SGP,lid Tweede Kamer,69741,556,74
2019,Van Nispen,Michiel,Nispen,SP,lid Tweede Kamer,69317,465,52
2019,Snels,Bart,Snels,GroenLinks,Lid Tweede Kamer,67803,423,33
2019,Futselaar,Frank,Futselaar,SP,lid Tweede Kamer,66152,724,78
2019,Blokhuis,Paul,Blokhuis,,"staatssecretaris van Volksgezondheid, Welzijn en Sport",66033,371,11
2019,Bijleveld-Schouten,Ank,Bijleveld-Schouten,,minister van Defensie,65432,427,12
2019,Hijink,Maarten,Hijink,SP,lid Tweede Kamer,65184,471,48
2019,Kaag,Sigrid,Kaag,D66,minister voor Buitenlandse Handel en Ontwikkelingssamenwerking,64355,342,19
2019,Bisschop,Roelof,Bisschop,SGP,lid Tweede Kamer,63564,809,68
2019,Van Ojik,Bram,Ojik,GroenLinks,lid Tweede Kamer,62638,626,55
2019,Sjoerdsma,Sjoerd,Sjoerdsma,D66,lid Tweede Kamer,60881,536,53
2019,Moorlag,William,Moorlag,PvdA,lid Tweede Kamer,60558,648,65
2019,Asscher,Lodewijk,Asscher,PvdA,"minister van Sociale Zaken en Werkgelegenheid, viceminister-president",58571,483,32
2019,Bruins,Eppo,Bruins,ChristenUnie,lid Tweede Kamer,58093,485,70
2019,Van der Lee,Tom,Lee,GroenLinks-PvdA,lid Tweede Kamer,57715,1335,64
2019,Klaver,Jesse,Klaver,GroenLinks,lid Tweede Kamer,57459,555,28
2019,Bergkamp,Vera,Bergkamp,D66,lid Tweede Kamer,57038,936,54
2019,Harbers,Mark,Harbers,VVD,lid Tweede Kamer,55904,340,28
2019,Kuiken,Attje,Kuiken,PvdA,lid Tweede Kamer,55891,718,69
2019,Agema,Fleur,Agema,PVV,lid Tweede Kamer,55416,795,71
2019,Ploumen,Lilianne,Ploumen,PvdA,lid Tweede Kamer,54765,683,69
2019,Kuzu,Tunahan,Kuzu,DENK,lid Tweede Kamer,54044,580,68
2019,Karabulut,Sadet,Karabulut,SP,lid Tweede Kamer,53247,665,44
2019,Van der Staaij,Kees,Staaij,SGP,lid Tweede Kamer,52339,345,57
2019,Smeulders,Paul,Smeulders,GroenLinks,lid Tweede Kamer,52221,441,51
2019,Van Brenk,Corrie,Brenk,50PLUS,lid Tweede Kamer,51363,634,73
2019,Van Meenen,Paul,Meenen,D66,lid Tweede Kamer,50685,741,56
2019,Wiersma,Dennis,Wiersma,VVD,lid Tweede Kamer,50675,425,39
2019,Azarkan,Farid,Azarkan,DENK,lid Tweede Kamer,50413,604,62
2019,Dijkstra,Remco,Dijkstra,VVD,lid Tweede Kamer,49859,435,52
2019,Voordewind,Joel,Voordewind,ChristenUnie,lid Tweede Kamer,49390,730,64
2019,Van Raan,Lammert,Raan,PvdD,Lid Tweede Kamer,49118,659,68
2019,Van den Hul,Kirsten,Hul,PvdA,lid Tweede Kamer,48519,439,55
2019,Laçin,Cem,Laçin,SP,Lid Tweede Kamer,48124,587,56
2019,Kröger,Suzanne,Kröger,GroenLinks,lid Tweede Kamer,48105,594,54
2019,Buitenweg,Kathalijne,Buitenweg,GroenLinks,Lid Tweede Kamer,47257,783,45
2019,Yeşilgöz-Zegerius,Dilan,Yeşilgöz-Zegerius,VVD,minister van Justitie en Veiligheid,47166,365,49
2019,Van Helvert,Martijn,Helvert,CDA,lid Tweede Kamer,47105,362,35
2019,de Groot,Tjeerd,Groot,D66,lid Tweede Kamer,46933,540,55
2019,Alkaya,Mahir,Alkaya,SP,lid Tweede Kamer,46603,374,42
2019,Wilders,Geert,Wilders,PVV,lid Tweede Kamer,46193,285,24
2019,van Dijk,Gijs,Dijk,PvdA,Lid Tweede Kamer,45779,422,49
2019,Raemakers,Rens,Raemakers,D66,Lid Tweede Kamer,45568,384,53
2019,Groothuizen,Maarten,Groothuizen,D66,Lid Tweede Kamer,44573,353,53
2019,Van Dam,Chris,Dam,CDA,lid Tweede Kamer,44558,380,53
2019,Dik-Faber,Carla,Dik-Faber,ChristenUnie,lid Tweede Kamer,44483,372,45
2019,Geurts,Jaco,Geurts,CDA,lid Tweede Kamer,44393,513,56
2019,Van Aalst,Roy,Aalst,PVV,Lid Tweede Kamer,43809,503,57
2019,Slootweg,Evert-Jan,Slootweg,CDA,lid Tweede Kamer,43450,347,41
2019,Verhoeven,Kees,Verhoeven,D66,lid Tweede Kamer,43405,410,33
2019,van Dijk,Jasper,Dijk,SP,lid Tweede Kamer,43140,530,54
2019,Van Gerven,Henk,Gerven,SP,lid Tweede Kamer,42465,561,47
2019,Sneller,Joost,Sneller,D66,lid Tweede Kamer,42361,367,38
2019,Van der Molen,Harry,Molen,CDA,lid Tweede Kamer,42043,321,48
2019,De Graaf,Machiel,Graaf,PVV,lid Tweede Kamer,41243,311,48
2019,Bosman,André,Bosman,VVD,lid Tweede Kamer,40298,354,32
2019,Renkema,Wim-Jan,Renkema,GroenLinks,lid Tweede Kamer,40189,377,42
2019,Beckerman,Sandra,Beckerman,SP,lid Tweede Kamer,40110,546,57
2019,Ronnes,Erik,Ronnes,CDA,lid Tweede Kamer,39877,360,43
2019,Wassenberg,Frank,Wassenberg,PvdD,lid Tweede Kamer,37824,421,62
2019,Tellegen,Ockje,Tellegen,VVD,lid Tweede Kamer,37756,2454,44
2019,Van Kooten-Arissen,Femke,Kooten-Arissen,vKA,lid Tweede Kamer,37396,393,53
2019,Veldman,Hayke,Veldman,VVD,lid Tweede Kamer,37188,219,35
2019,Van den Berg,Joba,Berg,CDA,lid Tweede Kamer,36593,424,66
2019,Kerstens,John,Kerstens,PvdA,lid Tweede Kamer,35180,336,44
2019,Öztürk,Selcuk,Öztürk,DENK,lid Tweede Kamer,34851,574,66
2019,Ellemeet,Corinne,Ellemeet,GroenLinks,lid Tweede Kamer,34253,294,39
2019,Heerema,Rudmer,Heerema,VVD,lid Tweede Kamer,34180,319,47
2019,Belhaj,Salima,Belhaj,D66,lid Tweede Kamer,33722,308,35
2019,Jetten,Rob,Jetten,D66,lid Tweede Kamer,33698,277,12
2019,Bromet,Laura,Bromet,GroenLinks-PvdA,lid Tweede Kamer,33659,375,53
2019,Paternotte,Jan,Paternotte,D66,lid Tweede Kamer,32964,308,30
2019,Van Raak,Ronald,Raak,SP,lid Tweede Kamer,32956,519,44
2019,Segers,Gert-Jan,Segers,ChristenUnie,lid Tweede Kamer,32296,251,17
2019,Van den Berge,Niels,Berge,GroenLinks,lid Tweede Kamer,31973,243,27
2019,Heerma,Pieter,Heerma,CDA,lid Tweede Kamer,31652,249,18
2019,Markuszower,Gidi,Markuszower,PVV,lid Tweede Kamer,31553,306,36
2019,Van der Graaf,Stieneke,Graaf,ChristenUnie,lid Tweede Kamer,31125,258,37
2019,Dijkhoff,Klaas,Dijkhoff,VVD,staatssecretaris van Veiligheid en Justitie,30944,223,6
2019,Schonis,Rutger,Schonis,D66,lid Tweede Kamer,30913,477,41
2019,Amhaouch,Mustafa,Amhaouch,CDA,lid Tweede Kamer,30782,233,42
2019,Laan-Geselschap,Antoinette,Laan-Geselschap,VVD,lid Tweede Kamer,30436,257,33
2019,Peters,René,Peters,CDA,lid Tweede Kamer,29972,248,43
2019,Keijzer,Mona,Keijzer,CDA,lid Tweede Kamer,29647,188,12
2019,Marijnissen,Lilian,Marijnissen,SP,lid Tweede Kamer,29017,210,19
2019,Visser,Barbara,Visser,VVD,staatssecretaris van Defensie,28912,130,6
2019,Graus,Dion,Graus,PVV,lid Tweede Kamer,28707,315,24
2019,Van Rooijen,Martin,Rooijen,50PLUS,Lid Tweede Kamer,28184,234,26
2019,Broekers-Knol,Ankie,Broekers-Knol,,staatssecretaris van Justitie en Veiligheid,27912,260,11
2019,Koopmans,Sven,Koopmans,VVD,Lid Tweede Kamer,27111,286,31
2019,Van Otterloo,Gerrit,Otterloo,50PLUS,lid Tweede Kamer,27077,162,24
2019,Van Eijs,Jessica,Eijs,D66,Lid Tweede Kamer,26696,255,46
2019,Kops,Alexander,Kops,PVV,lid Tweede Kamer,26671,266,44
2019,De Roon,Raymond,Roon,PVV,lid Tweede Kamer,26134,497,31
2019,Van Kent,Bart,Kent,SP,lid Tweede Kamer,26100,251,20
2019,Hiddema,Theo,Hiddema,FvD,lid Tweede Kamer,26014,168,22
2019,Rog,Michel,Rog,CDA,lid Tweede Kamer,25971,398,44
2019,Van Wijngaarden,Jeroen,Wijngaarden,VVD,lid Tweede Kamer,25747,228,36
2019,Diks,Isabelle,Diks,GroenLinks,Lid Tweede Kamer,25523,263,26
2019,Mulder,Anne,Mulder,VVD,lid Tweede Kamer,25479,562,22
2019,Mulder,Edgar,Mulder,PVV,lid Tweede Kamer,25250,244,47
2019,Tielen,Judith,Tielen,VVD,lid Tweede Kamer,25051,212,36
2019,Krol,Henk,Krol,50PLUS,lid Tweede Kamer,24648,229,42
2019,Mulder,Agnes,Mulder,CDA,lid Tweede Kamer,24344,492,43
2019,Ziengs,Erik,Ziengs,VVD,lid Tweede Kamer,24072,520,32
2019,El Yassini,Zohair,El,VVD,lid Tweede Kamer,23763,184,15
2019,Dik-Faber,Carla,Dik,ChristenUnie,lid Tweede Kamer,23377,282,25
2019,Van der Linde,Roald,Linde,VVD,lid Tweede Kamer,22157,224,30
2019,Van Haga,Wybren,Haga,Groep Van Haga,lid Tweede Kamer,22018,143,28
2019,Becker,Bente,Becker,VVD,lid Tweede Kamer,21310,171,26
2019,de Vries,Aukje,Vries,VVD,lid Tweede Kamer,21019,390,19
2019,Sienot,Matthijs,Sienot,D66,lid Tweede Kamer,20817,275,48
2019,van Dijck,Tony,Dijck,PVV,lid Tweede Kamer,20476,149,19
2019,Özütok,Nevin,Özütok,GroenLinks,Lid Tweede Kamer,20112,255,39
2019,Weverling,Arne,Weverling,VVD,lid Tweede Kamer,18936,235,36
2019,Helder,Lilian,Helder,PVV,lid Tweede Kamer,17880,130,27
2019,Van Nieuwenhuizen-Wijbenga,Cora,Nieuwenhuizen,VVD,minister van Infrastructuur en Waterstaat,17865,81,5
2019,Den Boer,Monica,Boer,D66,lid Tweede Kamer,17846,183,30
2019,Drost,Nico,Drost,ChristenUnie,lid Tweede Kamer,17843,155,24
2019,Von Martels,Maurits,Martels,CDA,Lid Tweede Kamer,16487,198,31
2019,Diertens,Antje,Diertens,D66,lid Tweede Kamer,16406,186,27
2019,Koerhuis,Daniël,Koerhuis,VVD,lid Tweede Kamer,16331,235,29
2019,De Jong,Leon,Jong,PVV,Lid Tweede Kamer,15984,138,14
2019,Madlener,Barry,Madlener,PVV,lid Tweede Kamer,15280,148,22
2019,Kuik,Anne,Kuik,CDA,lid Tweede Kamer,15198,159,32
2019,Wörsdörfer,Martin,Wörsdörfer,VVD,lid Tweede Kamer,14405,74,11
2019,Beertema,Harm,Beertema,PVV,lid Tweede Kamer,14303,177,32
2019,Aartsen,Thierry,Aartsen,VVD,lid Tweede Kamer,14274,112,14
2019,Middendorp,Jan,Middendorp,VVD,Lid Tweede Kamer,13743,120,22
2019,Rutte,Arno,Rutte,VVD,lid Tweede Kamer,13526,105,25
2019,Thieme,Marianne,Thieme,PvdD,lid Tweede Kamer,13067,95,8
2019,Hermans,Sophie,Hermans,VVD,"minister van Klimaat en Groene Groei, viceminister-president",12769,92,13
2019,Maeijer,Vicky,Maeijer,PVV,lid Tweede Kamer,12003,122,15
2019,Bijleveld,Ank,Bijleveld,,minister van Defensie,10999,57,4
2019,Van Veldhoven,Stientje,Veldhoven,D66,lid Tweede Kamer,10750,71,6
2019,Nijkerken-de Haan,Chantal,Nijkerken-de,VVD,lid Tweede Kamer,10591,95,16
2019,De Pater-Postma,Wytske,Pater-Postma,CDA,lid Tweede Kamer,9666,70,15
2019,Bouali,Achraf,Bouali,D66,lid Tweede Kamer,9334,76,20
2019,Sazias,Léonie,Sazias,50PLUS,Lid Tweede Kamer,8911,106,23
2019,Van Weerdenburg,Danai,Weerdenburg,PVV,lid Tweede Kamer,8064,62,15
2019,Van 't Wout,Bas,Wout,VVD,Lid Tweede Kamer,7150,49,7
2019,Van Haersma Buma,Sybrand,Haersma,CDA,lid Tweede Kamer,6768,60,5
2019,van Dijk,Emiel,Dijk,PVV,lid Tweede Kamer,6614,74,17
2019,Von Martels,Maurits,von,CDA,lid Tweede Kamer,6466,79,8
2019,Özdil,Zihni,Özdil,GroenLinks,Lid Tweede Kamer,6096,85,13
2019,Van Esch,Eva,Esch,PvdD,lid Tweede Kamer,5878,43,8
2019,Geluk-Poortvliet,Lenny,Geluk-Poortvliet,CDA,lid Tweede kamer,5616,65,18
2019,Fritsma,Sietse,Fritsma,PVV,lid Tweede Kamer,5608,72,14
2019,Van Veldhoven-van der Meer,Stientje,Veldhoven,,minister van Klimaat en Groene Groei,5575,46,5
2019,Palland,Hilde,Palland,CDA,lid Tweede Kamer,5556,30,9
2019,Bijleveld-Schouten,Anna,Bijleveld-Schouten,,minister van Defensie,4703,18,2
2019,Azmani,Malik,Azmani,VVD,lid Tweede Kamer,4043,60,5
2019,Geleijnse,Simon,Geleijnse,50PLUS,lid Tweede Kamer,3935,131,30
2019,Van Nieuwenhuizen-Wijbenga,Cornelia,Nieuwenhuizen,,minister van Infrastructuur en Waterstaat,3878,32,3
2019,Van Gent,Tobias,Gent,VVD,lid Tweede Kamer,3788,49,15
2019,Dijkstra,Pia,Dijkstra,D66,lid Tweede Kamer,3628,67,15
2019,De Lange,Leendert,Lange,VVD,lid Tweede Kamer,3400,42,18
2019,Van Oosten,Foort,Oosten,VVD,lid Tweede Kamer,2414,79,3
2019,Teunissen,Christine,Teunissen,PvdD,lid Tweede Kamer,2326,28,4
2019,Bruins Slot,Hanke,Bruins,CDA,lid Tweede Kamer,2287,34,14
2019,Regterschot,Kelly,Regterschot,VVD,lid Tweede Kamer,2248,14,6
2019,Pauletta,Ana-Maria,Pauletta,,bijzonder gedelegeerde,2194,7,2
2019,Arends,Richard,Arends,,bijzonder gedelegeerde,2187,5,2
2019,Wuite,Jorien,Wuite,D66,lid Tweede Kamer,1902,3,1
2019,Visser,Arno,Visser,,president van de Algemene Rekenkamer,1830,1,1
2019,Vogelzang,Monique,Vogelzang,,inspecteur-generaal van het Onderwijs,1739,2,1
2019,Akerboom,Eva,Akerboom,PvdD,Lid Tweede Kamer,1705,13,6
2019,Thijsen,Juan,Thijsen,,bijzonder gedelegeerde,1643,9,2
2019,Lopez-Tromp,Marisol,Lopez-Tromp,,bijzonder gedelegeerde,1473,1,1
2019,Mc. William,Gisélle,Mc.,,bijzonder gedelegeerde,1451,6,1
2019,Van Zutphen,Reinier,van,,Nationale ombudsman,1248,1,1
2019,Sneek,Alfred,Sneek,,bijzonder gedelegeerde,1190,1,1
2019,De Lange,Esther,de,EP/CDA,lid Europees Parlement,1187,3,1
2019,Van Baalen,Hans,van,EP/VVD,lid Europees Parlement,959,7,1
2019,Postma,Wytske,Postma,NSC,lid Tweede Kamer,899,9,4
2019,Dijkstra,Pia,Pia,,lid van de commissie,898,1,1
2019,Eickhout,Bas,Eickhout,EP/GroenLinks,lid Europees Parlement,745,1,1
2019,De Jong,Dennis,De,EP/SP,lid Europees Parlement,739,1,1
2019,Tang,Paul,Tang,EP/PvdA,lid Europees Parlement,737,1,1
2019,Tjon,Rocco,Tjon,,bijzonder gedelegeerde,726,2,1
2019,In 't Veld,Sophie,In,EP/D66,lid Europees Parlement,632,1,1
2019,Van Dalen,Peter,Van,EP/CU/SGP,lid Europees Parlement,586,1,1
2019,Hazekamp,Anja,Hazekamp,EP/PvdD,lid Europees Parlement,572,1,1
2019,Moses,Marilyn,Moses,,bijzonder gedelegeerde,527,3,1
2019,Smals,Bart,Smals,VVD,lid Tweede Kamer,281,4,3
2019,Mc. William,Gisèlle,Mc.,,bijzonder gedelegeerde,118,1,1
2019,Van den Bosch,Albert,Bosch,VVD,Lid Tweede Kamer,65,1,1
2019,Popken,Gabriëlle,Popken,PVV,Lid Tweede Kamer,3,1,1
2018,Arib,Khadija,Arib,PvdA,lid Tweede Kamer,282558,16996,111
2018,De Jonge,Hugo,Jonge,,"minister van Volksgezondheid, Welzijn en Sport",254068,978,29
2018,Grapperhaus,Ferdinand,Grapperhaus,,minister van Justitie en Veiligheid,225588,1324,47
2018,Wiebes,Eric,Wiebes,,minister van Economische Zaken en Klimaat,216628,1375,28
2018,Ollongren,Kajsa,Ollongren,,"minister van Binnenlandse Zaken en Koninkrijksrelaties, viceminister-president",208197,1088,37
2018,Hoekstra,Wopke,Hoekstra,CDA,minister van Financiën,201278,1090,24
2018,Rutte,Mark,Rutte,VVD,"minister-president, minister van Algemene Zaken",194692,1369,25
2018,Koolmees,Wouter,Koolmees,D66,minister van Sociale Zaken en Werkgelegenheid,173824,930,27
2018,Bruins,Bruno,Bruins,,minister voor Medische Zorg en Sport,163974,922,37
2018,Van Nieuwenhuizen-Wijbenga,Cora,Nieuwenhuizen,VVD,minister van Infrastructuur en Waterstaat,154201,991,28
2018,Snel,Menno,Snel,,staatssecretaris van Financiën,153497,651,20
2018,Van Engelshoven,Ingrid,Engelshoven,D66,"minister van Onderwijs, Cultuur en Wetenschap",142656,638,25
2018,Van Veldhoven,Stientje,Veldhoven,D66,lid Tweede Kamer,141389,787,25
2018,Leijten,Renske,Leijten,SP,lid Tweede Kamer,134137,1180,69
2018,Blok,Stef,Blok,,minister van Buitenlandse Zaken,132681,944,27
2018,Schouten,Carola,Schouten,ChristenUnie,"minister van Landbouw, Natuur en Voedselkwaliteit",128473,733,28
2018,Nijboer,Henk,Nijboer,PvdA,lid Tweede Kamer,128286,1131,84
2018,Slob,Arie,Slob,ChristenUnie,minister voor Basis- en Voortgezet Onderwijs en Media,123665,480,22
2018,Dekker,Sander,Dekker,,"staatssecretaris van Onderwijs, Cultuur en Wetenschap",122716,606,29
2018,Van Rooijen,Martin,Rooijen,50PLUS,Lid Tweede Kamer,118845,934,73
2018,Buitenweg,Kathalijne,Buitenweg,GroenLinks,Lid Tweede Kamer,113243,1430,77
2018,Visser,Barbara,Visser,VVD,staatssecretaris van Defensie,107996,386,17
2018,Knops,Raymond,Knops,CDA,lid Tweede Kamer,97532,367,23
2018,Van Nispen,Michiel,Nispen,SP,lid Tweede Kamer,97244,581,65
2018,Bisschop,Roelof,Bisschop,SGP,lid Tweede Kamer,95923,1362,73
2018,Van Ark,Tamara,Ark,VVD,staatssecretaris van Sociale Zaken en Werkgelegenheid,92060,533,23
2018,Omtzigt,Pieter,Omtzigt,CDA,lid Tweede Kamer,90142,829,64
2018,Baudet,Thierry,Baudet,FvD,lid Tweede Kamer,82710,1174,63
2018,Van Weyenberg,Steven,Weyenberg,D66,lid Tweede Kamer,82172,579,68
2018,Van Toorenburg,Madeleine,Toorenburg,CDA,lid Tweede Kamer,78445,1446,67
2018,Bergkamp,Vera,Bergkamp,D66,lid Tweede Kamer,78117,1982,55
2018,Bijleveld,Ank,Bijleveld,,minister van Defensie,77843,359,14
2018,Azarkan,Farid,Azarkan,DENK,lid Tweede Kamer,77678,946,83
2018,Verhoeven,Kees,Verhoeven,D66,lid Tweede Kamer,76672,587,52
2018,Dik-Faber,Carla,Dik,ChristenUnie,lid Tweede Kamer,76477,665,83
2018,Karabulut,Sadet,Karabulut,SP,lid Tweede Kamer,74729,867,60
2018,Kaag,Sigrid,Kaag,D66,minister voor Buitenlandse Handel en Ontwikkelingssamenwerking,74567,411,18
2018,Van der Lee,Tom,Lee,GroenLinks-PvdA,lid Tweede Kamer,72452,1184,69
2018,Van Raak,Ronald,Raak,SP,lid Tweede Kamer,72377,627,65
2018,Hijink,Maarten,Hijink,SP,lid Tweede Kamer,71647,517,58
2018,Van der Staaij,Kees,Staaij,SGP,lid Tweede Kamer,68254,514,70
2018,Van Raan,Lammert,Raan,PvdD,Lid Tweede Kamer,68186,825,78
2018,Beckerman,Sandra,Beckerman,SP,lid Tweede Kamer,68043,729,77
2018,Bosma,Martin,Bosma,PVV,lid Tweede Kamer,68031,2023,51
2018,Mulder,Agnes,Mulder,CDA,lid Tweede Kamer,67869,1143,58
2018,Lodders,Helma,Lodders,VVD,lid Tweede Kamer,67401,1470,68
2018,Asscher,Lodewijk,Asscher,PvdA,"minister van Sociale Zaken en Werkgelegenheid, viceminister-president",67113,628,29
2018,Kuzu,Tunahan,Kuzu,DENK,lid Tweede Kamer,66698,821,79
2018,Laçin,Cem,Laçin,SP,Lid Tweede Kamer,66557,775,74
2018,Van Ojik,Bram,Ojik,GroenLinks,lid Tweede Kamer,66513,606,41
2018,Paternotte,Jan,Paternotte,D66,lid Tweede Kamer,66429,562,57
2018,Jetten,Rob,Jetten,D66,lid Tweede Kamer,66178,483,44
2018,Snels,Bart,Snels,GroenLinks,Lid Tweede Kamer,65857,437,48
2018,Ellemeet,Corinne,Ellemeet,GroenLinks,lid Tweede Kamer,65637,504,61
2018,van Dijk,Gijs,Dijk,PvdA,Lid Tweede Kamer,64787,671,74
2018,Agema,Fleur,Agema,PVV,lid Tweede Kamer,64173,790,71
2018,Harbers,Mark,Harbers,VVD,lid Tweede Kamer,63978,289,18
2018,Blokhuis,Paul,Blokhuis,,"staatssecretaris van Volksgezondheid, Welzijn en Sport",61503,348,13
2018,Kröger,Suzanne,Kröger,GroenLinks,lid Tweede Kamer,61426,760,71
2018,Klaver,Jesse,Klaver,GroenLinks,lid Tweede Kamer,61266,606,23
2018,Bruins,Eppo,Bruins,ChristenUnie,lid Tweede Kamer,60672,587,77
2018,Van Dam,Chris,Dam,CDA,lid Tweede Kamer,60213,494,56
2018,Ouwehand,Esther,Ouwehand,PvdD,lid Tweede Kamer,60044,734,64
2018,Westerveld,Lisa,Westerveld,GroenLinks,lid Tweede Kamer,59249,535,60
2018,van Dijk,Jasper,Dijk,SP,lid Tweede Kamer,58809,729,63
2018,Wassenberg,Frank,Wassenberg,PvdD,lid Tweede Kamer,57853,600,64
2018,Futselaar,Frank,Futselaar,SP,lid Tweede Kamer,56762,708,58
2018,Yeşilgöz-Zegerius,Dilan,Yeşilgöz-Zegerius,VVD,minister van Justitie en Veiligheid,56303,394,55
2018,Stoffer,Chris,Stoffer,SGP,lid Tweede Kamer,56179,466,56
2018,Sjoerdsma,Sjoerd,Sjoerdsma,D66,lid Tweede Kamer,55465,435,49
2018,Van Oosten,Foort,Oosten,VVD,lid Tweede Kamer,55415,896,46
2018,Keijzer,Mona,Keijzer,CDA,lid Tweede Kamer,55305,312,15
2018,Bruins Slot,Hanke,Bruins,CDA,lid Tweede Kamer,54562,599,47
2018,Van Meenen,Paul,Meenen,D66,lid Tweede Kamer,53554,1108,52
2018,Groothuizen,Maarten,Groothuizen,D66,Lid Tweede Kamer,53223,382,64
2018,Kops,Alexander,Kops,PVV,lid Tweede Kamer,52875,447,66
2018,Voordewind,Joel,Voordewind,ChristenUnie,lid Tweede Kamer,52843,481,57
2018,Van der Molen,Harry,Molen,CDA,lid Tweede Kamer,52767,378,59
2018,Kuiken,Attje,Kuiken,PvdA,lid Tweede Kamer,51550,681,77
2018,De Jong,Leon,Jong,PVV,Lid Tweede Kamer,50854,448,46
2018,Dijkstra,Remco,Dijkstra,VVD,lid Tweede Kamer,49581,521,59
2018,Kwint,Peter,Kwint,SP,lid Tweede Kamer,49411,465,52
2018,Van der Graaf,Stieneke,Graaf,ChristenUnie,lid Tweede Kamer,49311,356,71
2018,Graus,Dion,Graus,PVV,lid Tweede Kamer,49129,533,43
2018,Van Brenk,Corrie,Brenk,50PLUS,lid Tweede Kamer,47243,606,74
2018,Moorlag,William,Moorlag,PvdA,lid Tweede Kamer,46892,525,64
2018,Diks,Isabelle,Diks,GroenLinks,Lid Tweede Kamer,45384,512,47
2018,Van den Berg,Joba,Berg,CDA,lid Tweede Kamer,45279,444,66
2018,Belhaj,Salima,Belhaj,D66,lid Tweede Kamer,44920,293,35
2018,Van Haersma Buma,Sybrand,Haersma,CDA,lid Tweede Kamer,43980,362,10
2018,Van Helvert,Martijn,Helvert,CDA,lid Tweede Kamer,43341,403,37
2018,Slootweg,Evert-Jan,Slootweg,CDA,lid Tweede Kamer,42565,395,49
2018,Bosman,André,Bosman,VVD,lid Tweede Kamer,42396,328,37
2018,Koopmans,Sven,Koopmans,VVD,Lid Tweede Kamer,41503,301,41
2018,Raemakers,Rens,Raemakers,D66,Lid Tweede Kamer,41447,361,54
2018,Ronnes,Erik,Ronnes,CDA,lid Tweede Kamer,40897,383,53
2018,Rog,Michel,Rog,CDA,lid Tweede Kamer,40780,1470,51
2018,Amhaouch,Mustafa,Amhaouch,CDA,lid Tweede Kamer,40111,369,55
2018,Van Aalst,Roy,Aalst,PVV,Lid Tweede Kamer,39722,433,61
2018,Alkaya,Mahir,Alkaya,SP,lid Tweede Kamer,39711,311,48
2018,Tellegen,Ockje,Tellegen,VVD,lid Tweede Kamer,39560,2436,44
2018,Kerstens,John,Kerstens,PvdA,lid Tweede Kamer,39464,336,34
2018,Dijkhoff,Klaas,Dijkhoff,VVD,staatssecretaris van Veiligheid en Justitie,39429,339,10
2018,Ploumen,Lilianne,Ploumen,PvdA,lid Tweede Kamer,38840,398,50
2018,Voortman,Linda,Voortman,GroenLinks,lid Tweede Kamer,38329,809,32
2018,Wiersma,Dennis,Wiersma,VVD,lid Tweede Kamer,38199,299,37
2018,De Graaf,Machiel,Graaf,PVV,lid Tweede Kamer,37995,324,45
2018,Rutte,Arno,Rutte,VVD,lid Tweede Kamer,37767,298,54
2018,Van Eijs,Jessica,Eijs,D66,Lid Tweede Kamer,37198,351,64
2018,Heerma,Pieter,Heerma,CDA,lid Tweede Kamer,36992,239,35
2018,Marijnissen,Lilian,Marijnissen,SP,lid Tweede Kamer,36813,330,19
2018,Öztürk,Selcuk,Öztürk,DENK,lid Tweede Kamer,36729,513,62
2018,de Groot,Tjeerd,Groot,D66,lid Tweede Kamer,36615,319,47
2018,de Vries,Aukje,Vries,VVD,lid Tweede Kamer,36236,430,47
2018,Krol,Henk,Krol,50PLUS,lid Tweede Kamer,36030,369,61
2018,Sienot,Matthijs,Sienot,D66,lid Tweede Kamer,35874,323,42
2018,Ten Broeke,Han,Broeke,VVD,lid Tweede Kamer,35265,195,16
2018,Beertema,Harm,Beertema,PVV,lid Tweede Kamer,34759,354,54
2018,Van den Hul,Kirsten,Hul,PvdA,lid Tweede Kamer,32685,289,52
2018,Wilders,Geert,Wilders,PVV,lid Tweede Kamer,32290,220,14
2018,Özütok,Nevin,Özütok,GroenLinks,Lid Tweede Kamer,31961,329,55
2018,De Roon,Raymond,Roon,PVV,lid Tweede Kamer,31629,380,31
2018,Heerema,Rudmer,Heerema,VVD,lid Tweede Kamer,31462,228,36
2018,Sneller,Joost,Sneller,D66,lid Tweede Kamer,30360,262,34
2018,Van der Linde,Roald,Linde,VVD,lid Tweede Kamer,30229,333,40
2018,Pechtold,Alexander,Pechtold,D66,lid Tweede Kamer,30164,383,14
2018,Ziengs,Erik,Ziengs,VVD,lid Tweede Kamer,30132,485,41
2018,Den Boer,Monica,Boer,D66,lid Tweede Kamer,29797,260,49
2018,Geurts,Jaco,Geurts,CDA,lid Tweede Kamer,28701,369,48
2018,Markuszower,Gidi,Markuszower,PVV,lid Tweede Kamer,28555,270,43
2018,Tielen,Judith,Tielen,VVD,lid Tweede Kamer,27319,314,36
2018,Becker,Bente,Becker,VVD,lid Tweede Kamer,27236,233,41
2018,Van Gerven,Henk,Gerven,SP,lid Tweede Kamer,27205,316,31
2018,Peters,René,Peters,CDA,lid Tweede Kamer,26954,207,34
2018,Segers,Gert-Jan,Segers,ChristenUnie,lid Tweede Kamer,26046,212,22
2018,Smeulders,Paul,Smeulders,GroenLinks,lid Tweede Kamer,24006,211,31
2018,Dijkstra,Pia,Dijkstra,D66,lid Tweede Kamer,24003,628,29
2018,Helder,Lilian,Helder,PVV,lid Tweede Kamer,24001,170,38
2018,Van Kent,Bart,Kent,SP,lid Tweede Kamer,23577,239,33
2018,Sazias,Léonie,Sazias,50PLUS,Lid Tweede Kamer,23224,212,44
2018,Koerhuis,Daniël,Koerhuis,VVD,lid Tweede Kamer,23165,306,36
2018,Van Tongeren,Liesbeth,Tongeren,GroenLinks,lid Tweede Kamer,23034,213,21
2018,Mulder,Edgar,Mulder,PVV,lid Tweede Kamer,22521,203,49
2018,Mulder,Anne,Mulder,VVD,lid Tweede Kamer,21982,501,22
2018,Grashoff,Rik,Grashoff,GroenLinks,lid Tweede Kamer,21959,174,21
2018,Azmani,Malik,Azmani,VVD,lid Tweede Kamer,21361,257,25
2018,Von Martels,Maurits,Martels,CDA,Lid Tweede Kamer,21259,248,47
2018,Middendorp,Jan,Middendorp,VVD,Lid Tweede Kamer,20225,173,25
2018,De Lange,Leendert,Lange,VVD,lid Tweede Kamer,20060,289,27
2018,Hermans,Sophie,Hermans,VVD,"minister van Klimaat en Groene Groei, viceminister-president",19970,159,26
2018,van Dijck,Tony,Dijck,PVV,lid Tweede Kamer,19771,180,20
2018,Laan-Geselschap,Antoinette,Laan-Geselschap,VVD,lid Tweede Kamer,18050,172,33
2018,Özdil,Zihni,Özdil,GroenLinks,Lid Tweede Kamer,17184,225,35
2018,Kuik,Anne,Kuik,CDA,lid Tweede Kamer,15790,141,39
2018,Van Kooten-Arissen,Femke,Kooten-Arissen,vKA,lid Tweede Kamer,15276,171,19
2018,Fritsma,Sietse,Fritsma,PVV,lid Tweede Kamer,15149,173,20
2018,Dijksma,Sharon,Dijksma,PvdA,staatssecretaris van Economische Zaken,14736,132,25
2018,Maeijer,Vicky,Maeijer,PVV,lid Tweede Kamer,14149,117,22
2018,Weverling,Arne,Weverling,VVD,lid Tweede Kamer,14121,152,32
2018,Diertens,Antje,Diertens,D66,lid Tweede Kamer,13697,109,35
2018,Arissen,Femke,Arissen,PvdD,Lid Tweede Kamer,13385,158,24
2018,Thieme,Marianne,Thieme,PvdD,lid Tweede Kamer,11206,99,13
2018,Veldman,Hayke,Veldman,VVD,lid Tweede Kamer,11096,94,32
2018,El Yassini,Zohair,El,VVD,lid Tweede Kamer,11036,90,13
2018,Bromet,Laura,Bromet,GroenLinks-PvdA,lid Tweede Kamer,9599,99,25
2018,Aartsen,Thierry,Aartsen,VVD,lid Tweede Kamer,9051,75,4
2018,Hiddema,Theo,Hiddema,FvD,lid Tweede Kamer,9023,106,18
2018,Van Haga,Wybren,Haga,Groep Van Haga,lid Tweede Kamer,8840,68,10
2018,Nijkerken-de Haan,Chantal,Nijkerken-de,VVD,lid Tweede Kamer,8816,148,15
2018,Teunissen,Christine,Teunissen,PvdD,lid Tweede Kamer,8576,66,16
2018,Zijlstra,Halbe,Zijlstra,VVD,lid Tweede Kamer,8204,47,3
2018,Madlener,Barry,Madlener,PVV,lid Tweede Kamer,7958,76,17
2018,Hennis-Plasschaert,Jeanine,Hennis-Plasschaert,VVD,Lid Tweede Kamer,7695,127,7
2018,Renkema,Wim-Jan,Renkema,GroenLinks,lid Tweede Kamer,7691,82,19
2018,Van Ojik,Abraham,Ojik,GroenLinks,Lid Tweede Kamer,7640,124,8
2018,Geluk-Poortvliet,Lenny,Geluk-Poortvliet,CDA,lid Tweede kamer,7589,72,22
2018,Bouali,Achraf,Bouali,D66,lid Tweede Kamer,7297,58,23
2018,Van Weerdenburg,Danai,Weerdenburg,PVV,lid Tweede Kamer,6872,56,12
2018,Van den Bosch,Albert,Bosch,VVD,Lid Tweede Kamer,6593,120,8
2018,Kooiman,Nine,Kooiman,SP,lid Tweede Kamer,5494,38,11
2018,Wörsdörfer,Martin,Wörsdörfer,VVD,lid Tweede Kamer,5441,39,10
2018,van Dijk,Emiel,Dijk,PVV,lid Tweede Kamer,5135,39,12
2018,Van Gent,Tobias,Gent,VVD,lid Tweede Kamer,4770,30,10
2018,Schonis,Rutger,Schonis,D66,lid Tweede Kamer,3441,31,8
2018,Geleijnse,Simon,Geleijnse,50PLUS,lid Tweede Kamer,3032,51,14
2018,Ploumen,Elisabeth,Ploumen,PvdA,Lid Tweede Kamer,2882,29,6
2018,Repping,Sjoerd,Repping,,,2688,7,1
2018,Van Avermaete,Jurgen,van,,,2673,21,1
2018,Akerboom,Eva,Akerboom,PvdD,Lid Tweede Kamer,2573,26,15
2018,Boufangacha,Zakaria,Boufangacha,,,2395,6,1
2018,Steur,André,Steur,,,2135,7,2
2018,Scheffers,Wim,Scheffers,,,2117,7,1
2018,Bucuroiu,Razvan,Bucuroiu,,,2083,3,1
2018,Mastenbroek,Sebastiaan,Mastenbroek,,,2081,7,1
2018,Maathuis,Connie,Maathuis,,,2069,9,1
2018,Popken,Gabriëlle,Popken,PVV,Lid Tweede Kamer,2067,17,9
2018,Peters,Saskia,Peters,,,2063,8,1
2018,Melkert,Joris,Melkert,,,2051,13,1
2018,Visser,Arno,Visser,,president van de Algemene Rekenkamer,1936,1,1
2018,Eijkman,Marja,Eijkman,,,1924,6,1
2018,Nijhuis,Jos,Nijhuis,,,1913,7,1
2018,Vonhof,Jacco,Vonhof,,,1871,4,1
2018,Van Duijn,Robbert-Jan,van,,,1750,6,1
2018,Ter Kuile,Alexander,ter,,,1742,10,1
2018,Koops,Jurriën,Koops,,,1730,3,1
2018,Ulrici,Monetta,Ulrici,,,1633,7,1
2018,Wilthagen,Ton,Wilthagen,,,1627,4,1
2018,Kruiter,Harry,Kruiter,,,1608,4,1
2018,De Swart,Stella,de,,,1599,4,1
2018,Vliegenthart,Arjan,Vliegenthart,,,1582,5,1
2018,De Laat,Sjef,de,,,1575,5,1
2018,Madern,Tamara,Madern,,,1550,7,1
2018,De Lange,Esther,de,EP/CDA,lid Europees Parlement,1532,12,1
2018,Akkerman,Sijas,Akkerman,,,1503,7,1
2018,De Beer,Paul,de,,,1458,3,1
2018,Koerhuis,Dani?l,Koerhuis,VVD,Lid Tweede Kamer,1406,25,1
2018,Dingemans,Charlotte,Dingemans,,,1396,2,1
2018,Tekin,Adnan,Tekin,,,1380,4,1
2018,Frederik,Jesse,Frederik,,,1360,5,1
2018,Van der Werf,Minou,van,,,1322,3,1
2018,Poot,John,Poot,,,1315,2,1
2018,Van Ojik,Kees,van,,,1234,6,1
2018,Eickhout,Bas,Eickhout,EP/GroenLinks,lid Europees Parlement,1225,5,1
2018,Boot,Gerard,Boot,,,1222,5,1
2018,Van Dorst,Michiel,van,,,1208,4,1
2018,Van Wijngaarden,Arend,van,,,1205,3,1
2018,Vogelzang,Monique,Vogelzang,,inspecteur-generaal van het Onderwijs,1201,1,1
2018,Keulaerds,Max,Keulaerds,,,1167,6,1
2018,Florijn,Marco,Florijn,,,1164,2,1
2018,Den Ronden,Paul,den,,,1156,9,1
2018,Van Gelderen,Maarten,van,,,1155,5,1
2018,Van Zutphen,Reinier,van,,Nationale ombudsman,1147,1,1
2018,Besselink,Pascal,Besselink,,,1140,3,1
2018,Meijs,Joost,Meijs,,,1136,3,1
2018,Lodders,Jaap,Lodders,,,1121,2,1
2018,Weerdmeester,B.,Weerdmeester,,,1115,2,1
2018,Curran,Ricky,Curran,,,1114,8,1
2018,Beeris,Caroline,Beeris,,,1084,5,1
2018,Van Meer,Robert,van,,,1075,8,1
2018,De Groot,René,de,,,1072,3,1
2018,Chuva de Sousa Lopes,Susana,Chuva,,,1065,8,1
2018,Bouwens,Willem,Bouwens,,,1055,4,1
2018,Den Besten,Rinda,den,,,1048,9,1
2018,Vet,William,Vet,,,1045,4,1
2018,Cziesso,Detlev,Cziesso,,,1032,5,1
2018,Sibma,Simon,Sibma,,,1010,4,1
2018,Maduro-Valies,Satcha,Maduro-Valies,,,994,4,1
2018,Klok,Dirk,Klok,,,985,11,1
2018,Gerbrandy,Gerben-Jan,Gerbrandy,EP/D66,lid Europees Parlement,943,2,1
2018,Van Montfoort,Aafke,van,,,890,3,1
2018,Van Baalen,Hans,van,EP/VVD,lid Europees Parlement,888,6,1
2018,Tang,Paul,Tang,EP/PvdA,lid Europees Parlement,869,2,1
2018,Lokman,Niels,Lokman,,,810,4,1
2018,Vetketel,Martijn,Vetketel,,,779,3,1
2018,Van Dijk,Wilco,van,,,776,3,1
2018,Hazekamp,Anja,Hazekamp,EP/PvdD,lid Europees Parlement,767,2,1
2018,Van Dalen,Peter,Van,EP/CU/SGP,lid Europees Parlement,714,1,1
2018,Van Geuns,Roeland,van,,,713,3,1
2018,De Die-Smulders,Christine,de,,,658,4,1
2018,De Jong,Dennis,De,EP/SP,lid Europees Parlement,646,1,1
2018,Vorselman,Bert,Vorselman,,,636,3,1
2018,Van der Westerlaken,Lucette,van,,,601,3,1
2018,?zdil,Zihni,?zdil,GroenLinks,Lid Tweede Kamer,593,5,1
2018,Sazias,L?onie,Sazias,50PLUS,Lid Tweede Kamer,432,2,1
2018,Gerbrands,Karen,Gerbrands,PVV,lid Tweede Kamer,328,8,2
2018,Yesilg?z-Zegerius,Dilan,Yesilg?z-Zegerius,VVD,Lid Tweede Kamer,123,2,1
2018,La?in,Cem,La?in,SP,Lid Tweede Kamer,90,4,1
2018,Van 't Wout,Bas,Wout,VVD,Lid Tweede Kamer,28,1,1
2017,Kamp,Henk,Kamp,,minister van Economische Zaken,226020,733,23
2017,Arib,Khadija,Arib,PvdA,lid Tweede Kamer,217532,10251,102
2017,Rutte,Mark,Rutte,VVD,"minister-president, minister van Algemene Zaken",163680,1067,28
2017,Blok,Stef,Blok,,minister van Buitenlandse Zaken,153677,829,33
2017,Leijten,Renske,Leijten,SP,lid Tweede Kamer,122668,918,54
2017,Van Rooijen,Martin,Rooijen,50PLUS,Lid Tweede Kamer,121024,810,52
2017,Plasterk,Ronald,Plasterk,,minister van Binnenlandse Zaken en Koninkrijksrelaties,120286,542,30
2017,Van Rijn,Martin,Rijn,,"staatssecretaris van Volksgezondheid, Welzijn en Sport",118633,526,22
2017,Omtzigt,Pieter,Omtzigt,CDA,lid Tweede Kamer,118216,910,53
2017,Asscher,Lodewijk,Asscher,PvdA,"minister van Sociale Zaken en Werkgelegenheid, viceminister-president",109588,706,34
2017,Wiebes,Eric,Wiebes,,minister van Economische Zaken en Klimaat,108952,635,19
2017,Snel,Menno,Snel,,staatssecretaris van Financiën,99331,476,5
2017,Koenders,Bert,Koenders,,minister van Buitenlandse Zaken,96215,302,21
2017,Nijboer,Henk,Nijboer,PvdA,lid Tweede Kamer,94257,776,60
2017,Dijksma,Sharon,Dijksma,PvdA,staatssecretaris van Economische Zaken,93262,484,36
2017,Dijsselbloem,Jeroen,Dijsselbloem,PvdA,minister van Financiën,84776,369,18
2017,Dekker,Sander,Dekker,,"staatssecretaris van Onderwijs, Cultuur en Wetenschap",83630,394,22
2017,Van Dam,Martijn,Dam,PvdA,staatssecretaris van Economische Zaken,82301,343,18
2017,Verhoeven,Kees,Verhoeven,D66,lid Tweede Kamer,81460,588,43
2017,Dijkhoff,Klaas,Dijkhoff,VVD,staatssecretaris van Veiligheid en Justitie,80664,438,24
2017,Van Weyenberg,Steven,Weyenberg,D66,lid Tweede Kamer,79372,578,58
2017,Ouwehand,Esther,Ouwehand,PvdD,lid Tweede Kamer,78987,881,70
2017,Van Veldhoven,Stientje,Veldhoven,D66,lid Tweede Kamer,76433,572,44
2017,Schippers,Edith,Schippers,,"minister van Volksgezondheid, Welzijn en Sport",73674,368,19
2017,Van Toorenburg,Madeleine,Toorenburg,CDA,lid Tweede Kamer,70657,917,60
2017,Van Raak,Ronald,Raak,SP,lid Tweede Kamer,66335,634,52
2017,Van Oosten,Foort,Oosten,VVD,lid Tweede Kamer,65284,1053,50
2017,Grashoff,Rik,Grashoff,GroenLinks,lid Tweede Kamer,63198,608,55
2017,Keijzer,Mona,Keijzer,CDA,lid Tweede Kamer,61943,477,45
2017,Graus,Dion,Graus,PVV,lid Tweede Kamer,61771,643,50
2017,Ten Broeke,Han,Broeke,VVD,lid Tweede Kamer,58349,750,36
2017,Kuzu,Tunahan,Kuzu,DENK,lid Tweede Kamer,58063,475,66
2017,Bosma,Martin,Bosma,PVV,lid Tweede Kamer,57115,1368,49
2017,Van Nieuwenhuizen-Wijbenga,Cora,Nieuwenhuizen,VVD,minister van Infrastructuur en Waterstaat,56449,342,7
2017,Koolmees,Wouter,Koolmees,D66,minister van Sociale Zaken en Werkgelegenheid,56278,339,15
2017,Karabulut,Sadet,Karabulut,SP,lid Tweede Kamer,55925,583,39
2017,Bisschop,Roelof,Bisschop,SGP,lid Tweede Kamer,55910,411,67
2017,Zijlstra,Halbe,Zijlstra,VVD,lid Tweede Kamer,54744,274,11
2017,Van Nispen,Michiel,Nispen,SP,lid Tweede Kamer,54398,358,49
2017,Bruins Slot,Hanke,Bruins,CDA,lid Tweede Kamer,54055,320,41
2017,Schouten,Carola,Schouten,ChristenUnie,"minister van Landbouw, Natuur en Voedselkwaliteit",53003,338,23
2017,Hennis-Plasschaert,Jeanine,Hennis,,minister van Defensie,52917,235,11
2017,Dik-Faber,Carla,Dik,ChristenUnie,lid Tweede Kamer,52468,493,78
2017,Van Tongeren,Liesbeth,Tongeren,GroenLinks,lid Tweede Kamer,51534,472,47
2017,Bussemaker,Jet,Bussemaker,,"minister van Onderwijs, Cultuur en Wetenschap",50254,186,9
2017,Van der Staaij,Kees,Staaij,SGP,lid Tweede Kamer,48671,295,49
2017,Dijkstra,Remco,Dijkstra,VVD,lid Tweede Kamer,48093,516,45
2017,De Jonge,Hugo,Jonge,,"minister van Volksgezondheid, Welzijn en Sport",47169,206,4
2017,Schultz van Haegen-Maas Geesteranus,Melanie,Schultz,,minister van Infrastructuur en Milieu,47070,177,13
2017,Lodders,Helma,Lodders,VVD,lid Tweede Kamer,45785,616,56
2017,Visser,Barbara,Visser,VVD,staatssecretaris van Defensie,45624,261,27
2017,de Vries,Aukje,Vries,VVD,lid Tweede Kamer,45373,381,38
2017,Voortman,Linda,Voortman,GroenLinks,lid Tweede Kamer,45369,676,45
2017,Voordewind,Joel,Voordewind,ChristenUnie,lid Tweede Kamer,44544,546,53
2017,Agema,Fleur,Agema,PVV,lid Tweede Kamer,44438,496,56
2017,Hoekstra,Wopke,Hoekstra,CDA,minister van Financiën,44180,344,2
2017,Bergkamp,Vera,Bergkamp,D66,lid Tweede Kamer,43119,326,33
2017,Mulder,Agnes,Mulder,CDA,lid Tweede Kamer,42860,545,47
2017,Slob,Arie,Slob,ChristenUnie,minister voor Basis- en Voortgezet Onderwijs en Media,42751,162,4
2017,Van Engelshoven,Ingrid,Engelshoven,D66,"minister van Onderwijs, Cultuur en Wetenschap",41583,190,30
2017,Klaver,Jesse,Klaver,GroenLinks,lid Tweede Kamer,41104,344,21
2017,Öztürk,Selcuk,Öztürk,DENK,lid Tweede Kamer,40819,475,58
2017,Knops,Raymond,Knops,CDA,lid Tweede Kamer,40592,266,20
2017,Van Haersma Buma,Sybrand,Haersma,CDA,lid Tweede Kamer,40587,324,16
2017,Azarkan,Farid,Azarkan,DENK,lid Tweede Kamer,37360,518,51
2017,Ollongren,Kajsa,Ollongren,,"minister van Binnenlandse Zaken en Koninkrijksrelaties, viceminister-president",36710,204,5
2017,Baudet,Thierry,Baudet,FvD,lid Tweede Kamer,36517,442,43
2017,Rutte,Arno,Rutte,VVD,lid Tweede Kamer,36124,253,35
2017,van Dijck,Tony,Dijck,PVV,lid Tweede Kamer,35866,333,25
2017,Bosman,André,Bosman,VVD,lid Tweede Kamer,35356,313,35
2017,Wilders,Geert,Wilders,PVV,lid Tweede Kamer,35314,246,21
2017,Bruins,Eppo,Bruins,ChristenUnie,lid Tweede Kamer,35262,257,45
2017,Snels,Bart,Snels,GroenLinks,Lid Tweede Kamer,35217,247,24
2017,Van Ojik,Abraham,Ojik,GroenLinks,Lid Tweede Kamer,34527,287,28
2017,Segers,Gert-Jan,Segers,ChristenUnie,lid Tweede Kamer,34123,246,26
2017,Van Meenen,Paul,Meenen,D66,lid Tweede Kamer,33577,340,34
2017,Van der Lee,Tom,Lee,GroenLinks-PvdA,lid Tweede Kamer,33557,297,43
2017,Roemer,Emile,Roemer,SP,lid Tweede Kamer,33460,286,19
2017,Harbers,Mark,Harbers,VVD,lid Tweede Kamer,33240,577,27
2017,Pechtold,Alexander,Pechtold,D66,lid Tweede Kamer,33183,283,15
2017,Ellemeet,Corinne,Ellemeet,GroenLinks,lid Tweede Kamer,32986,302,38
2017,van Dijk,Gijs,Dijk,PvdA,Lid Tweede Kamer,32574,306,45
2017,Marijnissen,Lilian,Marijnissen,SP,lid Tweede Kamer,32246,237,29
2017,Dijkgraaf,Elbert,Dijkgraaf,SGP,lid Tweede Kamer,31453,389,52
2017,Hijink,Maarten,Hijink,SP,lid Tweede Kamer,30495,257,35
2017,Kuiken,Attje,Kuiken,PvdA,lid Tweede Kamer,30412,296,44
2017,Beertema,Harm,Beertema,PVV,lid Tweede Kamer,30374,248,28
2017,Buitenweg,Kathalijne,Buitenweg,GroenLinks,Lid Tweede Kamer,30285,271,40
2017,Beckerman,Sandra,Beckerman,SP,lid Tweede Kamer,29757,270,41
2017,Futselaar,Frank,Futselaar,SP,lid Tweede Kamer,29277,247,47
2017,Kwint,Peter,Kwint,SP,lid Tweede Kamer,29043,269,33
2017,Geurts,Jaco,Geurts,CDA,lid Tweede Kamer,28988,310,50
2017,Kröger,Suzanne,Kröger,GroenLinks,lid Tweede Kamer,28496,312,39
2017,Belhaj,Salima,Belhaj,D66,lid Tweede Kamer,28474,192,28
2017,Ploumen,Lilianne,Ploumen,PvdA,lid Tweede Kamer,28310,151,10
2017,Tellegen,Ockje,Tellegen,VVD,lid Tweede Kamer,28066,546,31
2017,Van Raan,Lammert,Raan,PvdD,Lid Tweede Kamer,27382,308,35
2017,Sjoerdsma,Sjoerd,Sjoerdsma,D66,lid Tweede Kamer,27033,176,30
2017,Groothuizen,Maarten,Groothuizen,D66,Lid Tweede Kamer,26769,198,42
2017,Paternotte,Jan,Paternotte,D66,lid Tweede Kamer,26591,243,32
2017,Bijleveld,Ank,Bijleveld,,minister van Defensie,26398,161,5
2017,Westerveld,Lisa,Westerveld,GroenLinks,lid Tweede Kamer,25850,193,35
2017,Klijnsma,Jellejetta,Klijnsma,,staatssecretaris van Sociale Zaken en Werkgelegenheid,25772,152,11
2017,Jetten,Rob,Jetten,D66,lid Tweede Kamer,25182,177,23
2017,Rog,Michel,Rog,CDA,lid Tweede Kamer,24978,523,33
2017,De Graaf,Machiel,Graaf,PVV,lid Tweede Kamer,24957,217,30
2017,Amhaouch,Mustafa,Amhaouch,CDA,lid Tweede Kamer,24915,223,30
2017,Bruins,Bruno,Bruins,,minister voor Medische Zorg en Sport,24909,161,5
2017,van Dijk,Jasper,Dijk,SP,lid Tweede Kamer,24574,293,41
2017,Diks,Isabelle,Diks,GroenLinks,Lid Tweede Kamer,24463,189,24
2017,Özütok,Nevin,Özütok,GroenLinks,Lid Tweede Kamer,23890,210,45
2017,Van Aalst,Roy,Aalst,PVV,Lid Tweede Kamer,23739,227,37
2017,Thieme,Marianne,Thieme,PvdD,lid Tweede Kamer,22872,179,19
2017,Van Helvert,Martijn,Helvert,CDA,lid Tweede Kamer,22423,149,25
2017,Arissen,Femke,Arissen,PvdD,Lid Tweede Kamer,22401,206,36
2017,Kaag,Sigrid,Kaag,D66,minister voor Buitenlandse Handel en Ontwikkelingssamenwerking,22101,154,4
2017,Becker,Bente,Becker,VVD,lid Tweede Kamer,22025,150,27
2017,Özdil,Zihni,Özdil,GroenLinks,Lid Tweede Kamer,22011,206,29
2017,Krol,Henk,Krol,50PLUS,lid Tweede Kamer,21940,194,57
2017,Wassenberg,Frank,Wassenberg,PvdD,lid Tweede Kamer,21731,242,43
2017,Markuszower,Gidi,Markuszower,PVV,lid Tweede Kamer,21236,248,24
2017,Kooiman,Nine,Kooiman,SP,lid Tweede Kamer,21131,390,21
2017,Laçin,Cem,Laçin,SP,Lid Tweede Kamer,21059,218,33
2017,De Roon,Raymond,Roon,PVV,lid Tweede Kamer,20676,137,24
2017,Mulder,Edgar,Mulder,PVV,lid Tweede Kamer,20664,188,13
2017,Van Dam,Chris,Dam,CDA,lid Tweede Kamer,20527,182,29
2017,de Groot,Tjeerd,Groot,D66,lid Tweede Kamer,20452,208,35
2017,Grapperhaus,Ferdinand,Grapperhaus,,minister van Justitie en Veiligheid,20083,161,5
2017,Ziengs,Erik,Ziengs,VVD,lid Tweede Kamer,19473,342,25
2017,Mulder,Anne,Mulder,VVD,lid Tweede Kamer,19443,329,16
2017,Dijkstra,Pia,Dijkstra,D66,lid Tweede Kamer,19279,247,25
2017,Heerma,Pieter,Heerma,CDA,lid Tweede Kamer,19158,124,17
2017,Von Martels,Maurits,Martels,CDA,Lid Tweede Kamer,18402,172,24
2017,Van Brenk,Corrie,Brenk,50PLUS,lid Tweede Kamer,18046,187,44
2017,Duisenberg,Pieter,Duisenberg,VVD,lid Tweede Kamer,18039,172,11
2017,Helder,Lilian,Helder,PVV,lid Tweede Kamer,17709,118,30
2017,Van der Molen,Harry,Molen,CDA,lid Tweede Kamer,17392,104,20
2017,Ronnes,Erik,Ronnes,CDA,lid Tweede Kamer,17222,152,25
2017,Sazias,Léonie,Sazias,50PLUS,Lid Tweede Kamer,16874,174,33
2017,Van Eijs,Jessica,Eijs,D66,Lid Tweede Kamer,16497,148,30
2017,Van Gerven,Henk,Gerven,SP,lid Tweede Kamer,15636,153,10
2017,Ploumen,Elisabeth,Ploumen,PvdA,Lid Tweede Kamer,15606,140,13
2017,Azmani,Malik,Azmani,VVD,lid Tweede Kamer,15267,215,20
2017,Koopmans,Sven,Koopmans,VVD,Lid Tweede Kamer,14665,170,16
2017,De Jong,Leon,Jong,PVV,Lid Tweede Kamer,14558,118,22
2017,Moorlag,William,Moorlag,PvdA,lid Tweede Kamer,13921,149,10
2017,Bouwmeester,Lea,Bouwmeester,PvdA,Lid Tweede Kamer,13700,61,6
2017,Klein,Norbert,Klein,Klein,Lid Tweede Kamer,13684,45,8
2017,Yeşilgöz-Zegerius,Dilan,Yeşilgöz-Zegerius,VVD,minister van Justitie en Veiligheid,13573,68,19
2017,Hiddema,Theo,Hiddema,FvD,lid Tweede Kamer,13208,110,17
2017,Van der Steur,Ard,Steur,VVD,minister van Veiligheid en Justitie,12830,83,4
2017,Elias,Ton,Elias,VVD,lid Tweede Kamer,12821,654,11
2017,Wiersma,Dennis,Wiersma,VVD,lid Tweede Kamer,12687,91,18
2017,Bashir,Farshad,Bashir,SP,lid Tweede Kamer,12531,117,11
2017,El Yassini,Zohair,El,VVD,lid Tweede Kamer,12360,89,15
2017,Van den Berg,Joba,Berg,CDA,lid Tweede Kamer,12108,93,14
2017,Popken,Gabriëlle,Popken,PVV,Lid Tweede Kamer,12036,76,14
2017,de Vries,Albert,Vries,PvdA,lid Tweede Kamer,11958,79,5
2017,Van Kent,Bart,Kent,SP,lid Tweede Kamer,11792,100,15
2017,Fritsma,Sietse,Fritsma,PVV,lid Tweede Kamer,11724,144,12
2017,Van den Hul,Kirsten,Hul,PvdA,Lid Tweede Kamer,11690,77,26
2017,Van Ark,Tamara,Ark,VVD,staatssecretaris van Sociale Zaken en Werkgelegenheid,11505,65,3
2017,Maeijer,Vicky,Maeijer,PVV,lid Tweede Kamer,11433,80,11
2017,Smaling,Eric,Smaling,SP,lid Tweede Kamer,11378,101,10
2017,Van den Bosch,Albert,Bosch,VVD,Lid Tweede Kamer,10839,41,14
2017,Heerema,Rudmer,Heerema,VVD,lid Tweede Kamer,10837,76,5
2017,Raemakers,Rens,Raemakers,D66,Lid Tweede Kamer,10574,84,21
2017,Recourt,Jeroen,Recourt,PvdA,lid Tweede Kamer,10378,98,8
2017,Vos,Jan,Vos,PvdA,lid Tweede Kamer,10320,75,5
2017,Sienot,Matthijs,Sienot,D66,lid Tweede Kamer,10004,85,5
2017,Madlener,Barry,Madlener,PVV,lid Tweede Kamer,9881,88,11
2017,Peters,René,Peters,CDA,lid Tweede Kamer,9838,60,17
2017,Bouali,Achraf,Bouali,D66,lid Tweede Kamer,9741,81,16
2017,Hermans,Sophie,Hermans,VVD,"minister van Klimaat en Groene Groei, viceminister-president",9444,69,18
2017,Blokhuis,Paul,Blokhuis,,"staatssecretaris van Volksgezondheid, Welzijn en Sport",9053,47,2
2017,Sneller,Joost,Sneller,D66,lid Tweede Kamer,8928,60,9
2017,Monasch,Jacques,Monasch,PvdA,lid Tweede Kamer,8711,80,11
2017,Van Laar,Roelof,Laar,PvdA,lid Tweede Kamer,8624,16,2
2017,Diertens,Antje,Diertens,D66,lid Tweede Kamer,8508,58,14
2017,Van der Graaf,Stieneke,Graaf,ChristenUnie,lid Tweede Kamer,8105,58,16
2017,Middendorp,Jan,Middendorp,VVD,Lid Tweede Kamer,7838,74,13
2017,Volp,Marith,Volp,PvdA,lid Tweede Kamer,7822,64,9
2017,Gesthuizen,Sharon,Gesthuizen,SP,lid Tweede Kamer,7647,55,10
2017,Neppérus,Helma,Neppérus,VVD,lid Tweede Kamer,7558,254,8
2017,Van den Hul,Kirsten,Hul,PvdA,lid Tweede Kamer,7449,59,8
2017,Kops,Alexander,Kops,PVV,lid Tweede Kamer,7394,87,16
2017,Klever,Reinette,Klever,PVV,minister voor Buitenlandse Handel en Ontwikkelingshulp,7139,52,7
2017,Li Vos,Mei,Vos,PvdA,lid Tweede Kamer,6957,30,7
2017,Merkies,Arnold,Merkies,SP,Lid Tweede Kamer,6863,61,5
2017,Van der Linde,Roald,Linde,VVD,lid Tweede Kamer,6772,63,7
2017,Servaes,Michiel,Servaes,PvdA,lid Tweede Kamer,6745,41,6
2017,Yücel,Kerlik,Yücel,PvdA,lid Tweede Kamer,6664,49,5
2017,Kuik,Anne,Kuik,CDA,lid Tweede Kamer,6612,68,20
2017,Gerbrands,Karen,Gerbrands,PVV,lid Tweede Kamer,6567,45,8
2017,Van Bommel,Harry,Bommel,SP,lid Tweede Kamer,6529,46,6
2017,Nijkerken-de Haan,Chantal,Nijkerken-de,VVD,lid Tweede Kamer,6342,38,13
2017,Maij,Marit,Maij,PvdA,lid Tweede Kamer,6233,123,6
2017,Veldman,Hayke,Veldman,VVD,lid Tweede Kamer,6166,38,8
2017,Van Weerdenburg,Danai,Weerdenburg,PVV,lid Tweede Kamer,6002,43,9
2017,Weverling,Arne,Weverling,VVD,lid Tweede Kamer,5652,62,10
2017,Wolbert,Agnes,Wolbert,PvdA,lid Tweede Kamer,5620,141,6
2017,Ypma,Loes,Ypma,PvdA,lid Tweede Kamer,5439,79,5
2017,Taverne,Joost,Taverne,VVD,lid Tweede Kamer,5223,43,4
2017,Kerstens,John,Kerstens,PvdA,lid Tweede Kamer,5041,33,3
2017,De Lange,Leendert,Lange,VVD,lid Tweede Kamer,4863,39,9
2017,Slootweg,Evert-Jan,Slootweg,CDA,lid Tweede Kamer,4842,28,5
2017,Marcouch,Ahmed,Marcouch,PvdA,lid Tweede Kamer,4700,44,6
2017,Vermeij,Roos,Vermeij,PvdA,lid Tweede Kamer,4548,180,6
2017,Koerhuis,Daniël,Koerhuis,VVD,lid Tweede Kamer,4460,53,13
2017,Ulenbelt,Paul,Ulenbelt,SP,Lid Tweede Kamer,4296,35,5
2017,Geselschap,Jock,Geselschap,VVD,lid Tweede Kamer,4126,22,2
2017,Koşer Kaya,Fatma,Koşer,D66,lid Tweede Kamer,4125,30,6
2017,Groot,Ed,Groot,PvdA,lid Tweede Kamer,3833,26,4
2017,Hennis-Plasschaert,Jeanine,Hennis-Plasschaert,VVD,Lid Tweede Kamer,3527,33,3
2017,Vermue,Joyce,Vermue,PvdA,lid Tweede Kamer,3523,31,5
2017,Debie,Jean,Debie,,,3397,7,1
2017,Potters,Sjoerd,Potters,VVD,lid Tweede Kamer,3195,21,5
2017,Van 't Wout,Bas,Wout,VVD,Lid Tweede Kamer,3002,26,5
2017,Van der Hulst,Leon,van,,,2897,8,1
2017,Siderius,Tjitske,Siderius,SP,lid Tweede Kamer,2848,22,1
2017,Fokke,Manon,Fokke,PvdA,lid Tweede Kamer,2836,18,4
2017,Den Boer,Monica,Boer,D66,lid Tweede Kamer,2830,14,6
2017,Zalm,Gerrit,Zalm,,informateur,2799,22,1
2017,Tielen,Judith,Tielen,VVD,lid Tweede Kamer,2750,15,1
2017,Zandee,Dick,Zandee,,,2738,6,1
2017,Schut-Welkzijn,Anoushka,Schut,VVD,lid Tweede Kamer,2672,24,4
2017,Bontes,Louis,Bontes,Groep Bontes/Van Klaveren,lid Tweede Kamer,2664,25,5
2017,Mohandis,Mohammed,Mohandis,GroenLinks-PvdA,lid Tweede Kamer,2613,12,1
2017,Biesheuvel,Hans,Biesheuvel,,,2587,5,1
2017,De Natris,Marc,de,,,2564,5,1
2017,Hirsch Ballin,Ernst,Hirsch,,,2558,4,1
2017,De Wijk,Rob,de,,,2548,4,1
2017,Büller,Hans,Büller,,,2475,3,1
2017,Lakerveld,Kees,Lakerveld,,,2469,7,1
2017,Visser,Arno,Visser,,president van de Algemene Rekenkamer,2457,1,1
2017,Dezentjé Hamming,Ineke,Dezentjé,,,2406,9,1
2017,Van Deventer,Sander,van,,,2351,3,1
2017,Van Dijk,Mirjam,Van,,,2213,6,1
2017,Korte,Paul,Korte,,,2135,5,1
2017,'t Hoen,Ellen,'t,,,1959,3,1
2017,Vroom,Wietse,Vroom,,,1938,6,1
2017,De Caluwé,Ingrid,Caluwé,VVD,lid Tweede Kamer,1917,13,2
2017,Van den Berg-Jansen,Joba,Berg-Jansen,CDA,Lid Tweede Kamer,1870,18,4
2017,Verweij,Desirée,Verweij,,,1844,4,1
2017,Klep,Christ,Klep,,,1823,8,1
2017,Van Klaveren,Joram,Klaveren,Groep Bontes/Van Klaveren,Lid Tweede Kamer,1817,7,2
2017,Van de Kamp,Anneke,van,,,1783,5,1
2017,Van Beek,Linda,van,,,1760,7,1
2017,Swinkels,Judith,Swinkels,D66,Tweede Kamerlid,1737,14,2
2017,Brus,Ronald,Brus,,,1737,3,1
2017,Van Wijngaarden,Jeroen,Wijngaarden,VVD,lid Tweede Kamer,1698,23,1
2017,Birkhoff,Robbert,Birkhoff,,,1659,7,1
2017,Van der Velde,Rien,Velde,PvdA,lid Tweede Kamer,1584,26,4
2017,Jongerius,Niels,Jongerius,,,1533,4,1
2017,Knottnerus,Roeline,Knottnerus,,,1520,5,1
2017,Tjeenk Willink,Herman,Tjeenk,,kabinetsinformateur,1516,3,1
2017,Kodde,Kees,Kodde,,,1503,5,1
2017,Van Dam,Julius,van,,,1451,4,1
2017,Bos,Wouter,Bos,,,1427,2,1
2017,Asante,Amma,Asante,PvdA,lid Tweede Kamer,1391,21,2
2017,Van Doorn,Marieke,Van,,,1356,5,1
2017,Atema,Anita,Atema,,,1355,3,1
2017,Schellekens,Huub,Schellekens,,,1248,4,1
2017,Bas,Gerbrand,Bas,,,1243,5,1
2017,Groen,Harry,Groen,,,1242,3,1
2017,Kleijne,Paul,Kleijne,,,1171,3,1
2017,Verbeek,Bart-Jaap,Knottnerus,,,1155,4,1
2017,Geveke,Henk,Geveke,,,1138,3,1
2017,Van der Hoeven,Koos,van,,,1130,3,1
2017,Van Rooy,Yvonne,van,,,1081,3,1
2017,Schouw,Gerard,Schouw,D66,Lid Tweede Kamer,1079,3,1
2017,Wörsdörfer,Martin,Wörsdörfer,VVD,lid Tweede Kamer,1070,8,3
2017,Kosterink,Jos,Kosterink,,,1033,4,1
2017,Antonisse,Ad,Antonisse,,,1016,3,1
2017,Veldman,Dianda,Veldman,,,983,2,1
2017,Nieboer,Janet,Nieboer,,,910,4,1
2017,Oosenbrug,Astrid,Oosenbrug,PvdA,lid Tweede Kamer,906,10,5
2017,Van Baalen,Hans,van,EP/VVD,lid Europees Parlement,906,2,1
2017,Rijnders-Nagle,Monique,Rijnders-Nagle,,,905,3,1
2017,Favié,Martin,Favié,,,879,2,1
2017,Boersma,Cornelis,Boersma,,,865,2,1
2017,Eijsink,Angelien,Eijsink,PvdA,lid Tweede Kamer,864,5,1
2017,Tang,Paul,Tang,EP/PvdA,lid Europees Parlement,843,2,1
2017,Rieb,Wiebke,Rieb,,,841,3,1
2017,Hazekamp,Anja,Hazekamp,EP/PvdD,lid Europees Parlement,811,2,1
2017,In 't Veld,Sophie,In,EP/D66,lid Europees Parlement,802,2,1
2017,Van der Ree,Daniël,Ree,VVD,lid Tweede Kamer,795,37,1
2017,De Lange,Esther,de,EP/CDA,lid Europees Parlement,778,1,1
2017,Bosman,Jamie,Bosman,,,724,1,1
2017,De Jong,Dennis,De,EP/SP,lid Europees Parlement,712,2,1
2017,Eickhout,Bas,Eickhout,EP/GroenLinks,lid Europees Parlement,684,1,1
2017,Van Dalen,Peter,Van,EP/CU/SGP,lid Europees Parlement,674,1,1
2017,Kuipers,Ernst,Kuipers,,"minister van Volksgezondheid, Welzijn en Sport",659,2,1
2017,Van der Burg,Brigitte,Burg,VVD,lid Tweede Kamer,634,9,4
2017,Van Zutphen,Reinier,van,,Nationale ombudsman,586,1,1
2017,Buruma,Sytse,Buruma,,,520,2,1
2017,Straus,Karin,Straus,VVD,lid Tweede Kamer,475,9,1
2017,Vuijk,Ronald,Vuijk,VVD,Lid Tweede Kamer,422,1,1
2017,Hoogland,Duco,Hoogland,PvdA,lid Tweede Kamer,361,3,1
2017,De Boer,Betty,Boer,VVD,lid Tweede Kamer,339,6,1
2017,Bosma,Remco,Bosma,VVD,lid Tweede Kamer,327,4,3
2017,Houwers,Johan,Houwers,Houwers,lid Tweede Kamer,315,2,1
2017,Cegerek,Yasemin,Cegerek,PvdA,lid Tweede Kamer,218,3,1
2017,Leenders,Henk,Leenders,PvdA,lid Tweede Kamer,179,7,3
2017,Tjeenk Willink,Frits,Tjeenk,,,132,1,1
2017,Jacobi,Lutz,Jacobi,PvdA,lid Tweede Kamer,117,5,2
2017,Laan-Geselschap,Antoinette,Laan-Geselschap,VVD,lid Tweede Kamer,113,2,2
2017,Van den Hul,Kirsten,van,PvdA,Lid Tweede Kamer,37,1,1
2017,Geluk-Poortvliet,Lenny,Geluk-Poortvliet,CDA,lid Tweede kamer,10,1,1
2016,Van der Steur,Ard,Steur,VVD,minister van Veiligheid en Justitie,379142,1756,53
2016,Kamp,Henk,Kamp,,minister van Economische Zaken,374520,1350,40
2016,Van Rijn,Martin,Rijn,,"staatssecretaris van Volksgezondheid, Welzijn en Sport",246379,1373,29
2016,Rutte,Mark,Rutte,VVD,"minister-president, minister van Algemene Zaken",218233,1385,25
2016,Bussemaker,Jet,Bussemaker,,"minister van Onderwijs, Cultuur en Wetenschap",206690,811,29
2016,Wiebes,Eric,Wiebes,,minister van Economische Zaken en Klimaat,204742,1092,36
2016,Asscher,Lodewijk,Asscher,PvdA,"minister van Sociale Zaken en Werkgelegenheid, viceminister-president",192536,823,43
2016,Schippers,Edith,Schippers,,"minister van Volksgezondheid, Welzijn en Sport",186658,850,27
2016,Van Dam,Martijn,Dam,PvdA,staatssecretaris van Economische Zaken,186093,883,25
2016,Dijsselbloem,Jeroen,Dijsselbloem,PvdA,minister van Financiën,178819,736,28
2016,Arib,Khadija,Arib,PvdA,lid Tweede Kamer,176506,8098,111
2016,Dekker,Sander,Dekker,,"staatssecretaris van Onderwijs, Cultuur en Wetenschap",166757,760,31
2016,Schultz van Haegen-Maas Geesteranus,Melanie,Schultz,,minister van Infrastructuur en Milieu,162444,645,24
2016,Blok,Stef,Blok,,minister van Buitenlandse Zaken,162007,771,33
2016,Koenders,Bert,Koenders,,minister van Buitenlandse Zaken,159795,521,23
2016,Grashoff,Rik,Grashoff,GroenLinks,lid Tweede Kamer,154143,1103,84
2016,Omtzigt,Pieter,Omtzigt,CDA,lid Tweede Kamer,148764,1101,78
2016,Dijksma,Sharon,Dijksma,PvdA,staatssecretaris van Economische Zaken,145409,771,30
2016,Dijkhoff,Klaas,Dijkhoff,VVD,staatssecretaris van Veiligheid en Justitie,144051,696,32
2016,Verhoeven,Kees,Verhoeven,D66,lid Tweede Kamer,135647,916,60
2016,Van Veldhoven,Stientje,Veldhoven,D66,lid Tweede Kamer,134402,1517,83
2016,Van Tongeren,Liesbeth,Tongeren,GroenLinks,lid Tweede Kamer,130924,1147,75
2016,Plasterk,Ronald,Plasterk,,minister van Binnenlandse Zaken en Koninkrijksrelaties,124867,658,31
2016,Van Toorenburg,Madeleine,Toorenburg,CDA,lid Tweede Kamer,121983,991,68
2016,Van Weyenberg,Steven,Weyenberg,D66,lid Tweede Kamer,120134,858,65
2016,Voortman,Linda,Voortman,GroenLinks,lid Tweede Kamer,119634,1099,87
2016,Leijten,Renske,Leijten,SP,lid Tweede Kamer,118993,1017,59
2016,Schouten,Carola,Schouten,ChristenUnie,"minister van Landbouw, Natuur en Voedselkwaliteit",114324,791,68
2016,Bisschop,Roelof,Bisschop,SGP,lid Tweede Kamer,105838,1347,74
2016,Hennis-Plasschaert,Jeanine,Hennis,,minister van Defensie,104254,440,18
2016,Dik-Faber,Carla,Dik,ChristenUnie,lid Tweede Kamer,100806,858,92
2016,Van Meenen,Paul,Meenen,D66,lid Tweede Kamer,97430,926,61
2016,Elias,Ton,Elias,VVD,lid Tweede Kamer,89374,3692,67
2016,Smaling,Eric,Smaling,SP,lid Tweede Kamer,86484,696,74
2016,Keijzer,Mona,Keijzer,CDA,lid Tweede Kamer,82371,851,71
2016,Van der Staaij,Kees,Staaij,SGP,lid Tweede Kamer,82212,541,68
2016,Mulder,Agnes,Mulder,CDA,lid Tweede Kamer,81225,648,68
2016,van Dijk,Jasper,Dijk,SP,lid Tweede Kamer,80968,823,60
2016,Pechtold,Alexander,Pechtold,D66,lid Tweede Kamer,80496,613,27
2016,Bashir,Farshad,Bashir,SP,lid Tweede Kamer,78865,670,65
2016,Van Gerven,Henk,Gerven,SP,lid Tweede Kamer,78229,769,54
2016,Van Nispen,Michiel,Nispen,SP,lid Tweede Kamer,78114,487,48
2016,Ploumen,Lilianne,Ploumen,PvdA,lid Tweede Kamer,77854,426,26
2016,Bergkamp,Vera,Bergkamp,D66,lid Tweede Kamer,74734,692,54
2016,Recourt,Jeroen,Recourt,PvdA,lid Tweede Kamer,73672,814,53
2016,Klijnsma,Jellejetta,Klijnsma,,staatssecretaris van Sociale Zaken en Werkgelegenheid,73512,503,26
2016,Madlener,Barry,Madlener,PVV,lid Tweede Kamer,73328,631,51
2016,Segers,Gert-Jan,Segers,ChristenUnie,lid Tweede Kamer,69570,537,49
2016,Sjoerdsma,Sjoerd,Sjoerdsma,D66,lid Tweede Kamer,67602,588,56
2016,Ten Broeke,Han,Broeke,VVD,lid Tweede Kamer,66638,561,43
2016,Voordewind,Joel,Voordewind,ChristenUnie,lid Tweede Kamer,66195,617,66
2016,Dijkgraaf,Elbert,Dijkgraaf,SGP,lid Tweede Kamer,65903,613,72
2016,Gesthuizen,Sharon,Gesthuizen,SP,lid Tweede Kamer,63490,479,56
2016,Knops,Raymond,Knops,CDA,lid Tweede Kamer,63324,679,49
2016,Heerma,Pieter,Heerma,CDA,lid Tweede Kamer,63250,363,53
2016,Graus,Dion,Graus,PVV,lid Tweede Kamer,62946,630,48
2016,Bruins Slot,Hanke,Bruins,CDA,lid Tweede Kamer,62253,494,48
2016,Kuzu,Tunahan,Kuzu,DENK,lid Tweede Kamer,62109,570,71
2016,Koolmees,Wouter,Koolmees,D66,minister van Sociale Zaken en Werkgelegenheid,59964,371,51
2016,Rog,Michel,Rog,CDA,lid Tweede Kamer,57472,465,50
2016,Van Helvert,Martijn,Helvert,CDA,lid Tweede Kamer,57392,384,42
2016,Merkies,Arnold,Merkies,SP,Lid Tweede Kamer,56805,433,37
2016,Van Haersma Buma,Sybrand,Haersma,CDA,lid Tweede Kamer,55136,448,19
2016,Bosman,André,Bosman,VVD,lid Tweede Kamer,54332,425,48
2016,Van Raak,Ronald,Raak,SP,lid Tweede Kamer,53267,602,52
2016,Karabulut,Sadet,Karabulut,SP,lid Tweede Kamer,52559,550,44
2016,Van Vliet,Roland,Vliet,Van Vliet,lid Tweede Kamer,51985,433,59
2016,Vos,Jan,Vos,PvdA,lid Tweede Kamer,51845,489,43
2016,Swinkels,Judith,Swinkels,D66,Tweede Kamerlid,51817,435,43
2016,Lodders,Helma,Lodders,VVD,lid Tweede Kamer,51560,693,51
2016,Bruins,Eppo,Bruins,ChristenUnie,lid Tweede Kamer,51123,358,52
2016,Zijlstra,Halbe,Zijlstra,VVD,lid Tweede Kamer,51120,365,12
2016,De Graaf,Machiel,Graaf,PVV,lid Tweede Kamer,50660,398,59
2016,van Dijck,Tony,Dijck,PVV,lid Tweede Kamer,49659,375,33
2016,Van Oosten,Foort,Oosten,VVD,lid Tweede Kamer,49615,413,49
2016,Krol,Henk,Krol,50PLUS,lid Tweede Kamer,47794,382,80
2016,Beertema,Harm,Beertema,PVV,lid Tweede Kamer,47329,371,48
2016,Helder,Lilian,Helder,PVV,lid Tweede Kamer,46790,241,48
2016,Ypma,Loes,Ypma,PvdA,lid Tweede Kamer,46747,555,46
2016,Thieme,Marianne,Thieme,PvdD,lid Tweede Kamer,46428,406,46
2016,Dijkstra,Pia,Dijkstra,D66,lid Tweede Kamer,46265,368,39
2016,Volp,Marith,Volp,PvdA,lid Tweede Kamer,46114,346,37
2016,Visser,Barbara,Visser,VVD,staatssecretaris van Defensie,45801,365,44
2016,de Vries,Aukje,Vries,VVD,lid Tweede Kamer,45161,295,46
2016,Duisenberg,Pieter,Duisenberg,VVD,lid Tweede Kamer,44875,530,28
2016,Öztürk,Selcuk,Öztürk,DENK,lid Tweede Kamer,44696,604,65
2016,Potters,Sjoerd,Potters,VVD,lid Tweede Kamer,44472,381,44
2016,De Roon,Raymond,Roon,PVV,lid Tweede Kamer,43790,324,43
2016,Agema,Fleur,Agema,PVV,lid Tweede Kamer,43349,414,47
2016,de Vries,Albert,Vries,PvdA,lid Tweede Kamer,43169,347,36
2016,Geurts,Jaco,Geurts,CDA,lid Tweede Kamer,43054,472,58
2016,Belhaj,Salima,Belhaj,D66,lid Tweede Kamer,42971,329,41
2016,Wilders,Geert,Wilders,PVV,lid Tweede Kamer,42900,292,17
2016,Azmani,Malik,Azmani,VVD,lid Tweede Kamer,42514,356,47
2016,Van Bommel,Harry,Bommel,SP,lid Tweede Kamer,42312,321,32
2016,Nijboer,Henk,Nijboer,PvdA,lid Tweede Kamer,41792,236,30
2016,Koşer Kaya,Fatma,Koşer,D66,lid Tweede Kamer,41083,443,57
2016,Ronnes,Erik,Ronnes,CDA,lid Tweede Kamer,40091,282,48
2016,Taverne,Joost,Taverne,VVD,lid Tweede Kamer,39912,232,24
2016,Klein,Norbert,Klein,Klein,Lid Tweede Kamer,38710,330,43
2016,Wassenberg,Frank,Wassenberg,PvdD,lid Tweede Kamer,37660,316,43
2016,Bosma,Martin,Bosma,PVV,lid Tweede Kamer,36905,631,29
2016,Roemer,Emile,Roemer,SP,lid Tweede Kamer,36540,278,15
2016,Mohandis,Mohammed,Mohandis,GroenLinks-PvdA,lid Tweede Kamer,36230,254,23
2016,Servaes,Michiel,Servaes,PvdA,lid Tweede Kamer,35970,221,34
2016,Ulenbelt,Paul,Ulenbelt,SP,Lid Tweede Kamer,35909,323,43
2016,Teeven,Fred,Teeven,VVD,staatssecretaris van Veiligheid en Justitie,35748,257,28
2016,Kerstens,John,Kerstens,PvdA,lid Tweede Kamer,35448,203,29
2016,Bontes,Louis,Bontes,Groep Bontes/Van Klaveren,lid Tweede Kamer,35362,390,56
2016,Kooiman,Nine,Kooiman,SP,lid Tweede Kamer,35352,277,36
2016,van Dijk,Otwin,Dijk,PvdA,Lid Tweede Kamer,35046,250,27
2016,Rutte,Arno,Rutte,VVD,lid Tweede Kamer,34944,230,29
2016,Tellegen,Ockje,Tellegen,VVD,lid Tweede Kamer,34869,281,32
2016,Groot,Ed,Groot,PvdA,lid Tweede Kamer,34716,299,32
2016,Van der Linde,Roald,Linde,VVD,lid Tweede Kamer,34483,374,34
2016,Klaver,Jesse,Klaver,GroenLinks,lid Tweede Kamer,34456,261,15
2016,Van Laar,Roelof,Laar,PvdA,lid Tweede Kamer,34303,218,29
2016,Vermeij,Roos,Vermeij,PvdA,lid Tweede Kamer,34157,632,36
2016,Siderius,Tjitske,Siderius,SP,lid Tweede Kamer,33995,310,33
2016,Amhaouch,Mustafa,Amhaouch,CDA,lid Tweede Kamer,33891,263,40
2016,Ouwehand,Esther,Ouwehand,PvdD,lid Tweede Kamer,33573,226,17
2016,Monasch,Jacques,Monasch,PvdA,lid Tweede Kamer,32949,222,37
2016,Klever,Reinette,Klever,PVV,minister voor Buitenlandse Handel en Ontwikkelingshulp,30395,276,39
2016,Marcouch,Ahmed,Marcouch,PvdA,lid Tweede Kamer,30275,280,40
2016,Li Vos,Mei,Vos,PvdA,lid Tweede Kamer,29975,315,30
2016,Maij,Marit,Maij,PvdA,lid Tweede Kamer,29842,533,39
2016,Hoogland,Duco,Hoogland,PvdA,lid Tweede Kamer,28894,281,41
2016,Samsom,Diederik,Samsom,PvdA,lid Tweede Kamer,28821,163,8
2016,Eijsink,Angelien,Eijsink,PvdA,lid Tweede Kamer,28678,186,17
2016,Straus,Karin,Straus,VVD,lid Tweede Kamer,28296,213,34
2016,Yücel,Kerlik,Yücel,PvdA,lid Tweede Kamer,27515,204,27
2016,Wolbert,Agnes,Wolbert,PvdA,lid Tweede Kamer,27450,653,31
2016,Van der Burg,Brigitte,Burg,VVD,lid Tweede Kamer,26502,370,23
2016,Schut-Welkzijn,Anoushka,Schut,VVD,lid Tweede Kamer,25049,257,21
2016,Veldman,Hayke,Veldman,VVD,lid Tweede Kamer,24565,159,23
2016,Ziengs,Erik,Ziengs,VVD,lid Tweede Kamer,23264,182,22
2016,Van Wijngaarden,Jeroen,Wijngaarden,VVD,lid Tweede Kamer,23198,135,14
2016,Harbers,Mark,Harbers,VVD,lid Tweede Kamer,22681,136,17
2016,Oosenbrug,Astrid,Oosenbrug,PvdA,lid Tweede Kamer,22114,158,23
2016,Houwers,Johan,Houwers,Houwers,lid Tweede Kamer,20543,153,36
2016,De Caluwé,Ingrid,Caluwé,VVD,lid Tweede Kamer,19367,282,19
2016,Heerema,Rudmer,Heerema,VVD,lid Tweede Kamer,18360,117,15
2016,De Lange,Leendert,Lange,VVD,lid Tweede Kamer,17049,133,20
2016,Vermue,Joyce,Vermue,PvdA,lid Tweede Kamer,17012,137,24
2016,Lucas,Anne-Wil,Lucas,VVD,lid Tweede Kamer,16617,136,12
2016,Neppérus,Helma,Neppérus,VVD,lid Tweede Kamer,16499,534,31
2016,Fokke,Manon,Fokke,PvdA,lid Tweede Kamer,16414,100,22
2016,Mulder,Anne,Mulder,VVD,lid Tweede Kamer,16191,155,18
2016,Leenders,Henk,Leenders,PvdA,lid Tweede Kamer,15240,152,27
2016,Van Veen,Michiel,Veen,VVD,lid Tweede Kamer,14917,121,24
2016,Dijkstra,Remco,Dijkstra,VVD,lid Tweede Kamer,14783,162,41
2016,Günal-Gezer,Sultan,Günal-Gezer,PvdA,lid Tweede Kamer,14155,67,9
2016,De Boer,Betty,Boer,VVD,lid Tweede Kamer,13979,121,20
2016,Bouwmeester,Lea,Bouwmeester,PvdA,Lid Tweede Kamer,13395,119,11
2016,Van Dekken,Tjeerd,Dekken,PvdA,lid Tweede Kamer,13118,328,26
2016,Fritsma,Sietse,Fritsma,PVV,lid Tweede Kamer,13049,163,34
2016,Van Klaveren,Joram,Klaveren,Groep Bontes/Van Klaveren,Lid Tweede Kamer,12917,146,32
2016,Vuijk,Ronald,Vuijk,VVD,Lid Tweede Kamer,11914,25,5
2016,Van 't Wout,Bas,Wout,VVD,Lid Tweede Kamer,11184,89,20
2016,Cegerek,Yasemin,Cegerek,PvdA,lid Tweede Kamer,9774,91,32
2016,Oosting,Marten,Oosting,,,8711,15,1
2016,Nijkerken-de Haan,Chantal,Nijkerken-de,VVD,lid Tweede Kamer,8413,71,9
2016,Van Miltenburg,Anouchka,Miltenburg,VVD,Lid Tweede Kamer,7995,71,14
2016,Kuiken,Attje,Kuiken,PvdA,lid Tweede Kamer,7983,88,22
2016,Van Ark,Tamara,Ark,VVD,staatssecretaris van Sociale Zaken en Werkgelegenheid,7704,41,8
2016,Bosma,Remco,Bosma,VVD,lid Tweede Kamer,7388,48,11
2016,Moors,Perjan,Moors,VVD,lid Tweede Kamer,6780,51,8
2016,Jacobi,Lutz,Jacobi,PvdA,lid Tweede Kamer,6537,126,13
2016,Jadnanansing,Tanja,Jadnanansing,PvdA,lid Tweede Kamer,6313,94,10
2016,Tanamal,Grace,Tanamal,PvdA,lid Tweede Kamer,5644,35,11
2016,Tonca,A.,Tonca,,x,5028,13,1
2016,Bikker,A.C.G.,Bikker,,bijzonder gedelegeerde,4783,38,3
2016,Herdé,G.R.,Herdé,,bijzonder gedelegeerde,4437,36,2
2016,Dikkers,Sjoera,Dikkers,PvdA,Lid Tweede Kamer,4360,78,12
2016,Brouwer,Harm,Brouwer,PvdA,lid Tweede Kamer,4321,18,7
2016,Köse,E.,Köse,,x,3478,42,1
2016,De Liefde,Bart,Liefde,VVD,Lid Tweede Kamer,3161,35,2
2016,Curtin,Deirdre,Curtin,,,3159,7,1
2016,Van der Ree,Daniël,Ree,VVD,lid Tweede Kamer,2891,9,3
2016,Crone,F.,Crone,,,2867,8,1
2016,Prinsen,E.,Prinsen,,,2778,10,1
2016,Gedik,M.,Gedik,,x,2776,32,1
2016,Hillebrandt,Maarten,Hillebrandt,,,2623,6,1
2016,Altuntas,Y.,Altuntas,,,2438,22,1
2016,Asante,Amma,Asante,PvdA,lid Tweede Kamer,2398,7,3
2016,Thijsen,J.E.,Thijsen,,bijzonder gedelegeerde,2397,13,2
2016,Gökçekuyu,E.,Gökçekuyu,,x,2192,15,1
2016,Amed,K.,Amed,,x,2075,33,1
2016,Spies,L.,Spies,,,1993,8,1
2016,Brandsma,Gijs-Jan,Brandsma,,,1952,6,1
2016,Ogut,U.,Ogut,,x,1947,16,1
2016,Geselschap,Jock,Geselschap,VVD,lid Tweede Kamer,1897,5,1
2016,Visser,Arno,Visser,,president van de Algemene Rekenkamer,1744,2,1
2016,Hakhverdian,M.,Hakhverdian,,x,1629,21,1
2016,De Jonge,H.,Jonge,,,1562,4,1
2016,Ter Avest,M.,Avest,,,1529,6,1
2016,Klompenhouwer,J-L.,Klompenhouwer,,,1477,8,1
2016,De Sousa-Croes,D.G.,De,,bijzonder gedelegeerde,1402,3,1
2016,Frederiks,B.,Frederiks,,,1363,5,1
2016,Ayranci,M.,Ayranci,,x,1322,8,1
2016,Çevik,Y.,Çevik,,x,1283,19,1
2016,Demirtaş,F.,Demirtaş,,x,1272,16,1
2016,Ruys,E.,Ruys,,,1260,4,1
2016,Dute,J.,Dute,,,1256,7,1
2016,Sulvaran,G.T.,Sulvaran,,bijzonder gedelegeerde,1241,2,1
2016,Hofstee,T.,Hofstee,,,1224,5,1
2016,Santegoeds,J`.,Santegoeds,,,1222,7,1
2016,Stavenuiter,B.,Stavenuiter,,,1198,6,1
2016,Van Marle,H.,Marle,,,1197,6,1
2016,Vader,C.,Vader,,,1161,5,1
2016,Karabulut,N.,Karabulut,,x,1139,7,1
2016,Meijer,M.M.,Meijer,,,1110,5,1
2016,Cerit,M.,Cerit,,x,1095,12,1
2016,Van Zutphen,,Van,,Nationale ombudsman,1082,2,1
2016,Van Buren,H.,Buren,,,1079,4,1
2016,Tamsma,H.,Tamsma,,,1078,10,1
2016,Backx,H.,Backx,,,1068,5,1
2016,Van Velzen,,Velzen,,,1049,1,1
2016,Widdershoven,T-P.,Widdershoven,,,995,3,1
2016,Ploem,M.,Ploem,,,985,6,1
2016,Van der Velde,Rien,Velde,PvdA,lid Tweede Kamer,837,3,3
2016,Boekhoudt,Alfonso,Boekhoudt,,gevolmachtigd minister van Aruba,801,4,1
2016,Van Houts,,Van,,woordvoerder burgerinitiatief Ons Geld,788,1,1
2016,De Weever,V.H.C.,De,,bijzonder gedelegeerde,775,4,2
2016,Ugurlu,E.,Ugurlu,,x,741,4,1
2016,Aalbersberg,P.J.,Aalbersberg,,,700,3,1
2016,Hofman,Tim,Hofman,,,656,1,1
2016,Sagsu,M.,Sagsu,,x,613,7,1
2016,Bluiminck,F.,Bluiminck,,,553,4,1
2016,Calkin,S.,Calkin,,x,538,6,1
2016,Kreemers,Bert,Kreemers,,,458,2,1
2016,Griffioen,M.,Griffioen,,,447,1,1
2016,Bruijs,A-M.,Bruijs,,,439,4,1
2016,Marlin-Romeo,L.M.,Marlin-Romeo,,bijzonder gedelegeerde,429,1,1
2016,Koser Kaya,Fatma,Koser,D66,lid Tweede Kamer,321,7,2
2016,Sulvaran,Glenn,Sulvaran,,bijzonder gedelegeerde,248,1,1
2016,Berckmoes-Duindam,Ybeltje,Berckmoes,VVD,lid Tweede Kamer,118,3,1
2015,Kamp,Henk,Kamp,,minister van Economische Zaken,301819,1100,23
2015,Rutte,Mark,Rutte,VVD,"minister-president, minister van Algemene Zaken",264999,1704,30
2015,Van der Steur,Ard,Steur,VVD,minister van Veiligheid en Justitie,245710,1025,36
2015,Van Miltenburg,Anouchka,Miltenburg,VVD,Lid Tweede Kamer,217861,7353,106
2015,Van Rijn,Martin,Rijn,,"staatssecretaris van Volksgezondheid, Welzijn en Sport",208020,1020,34
2015,Dijsselbloem,Jeroen,Dijsselbloem,PvdA,minister van Financiën,190853,777,31
2015,Bussemaker,Jet,Bussemaker,,"minister van Onderwijs, Cultuur en Wetenschap",169644,673,29
2015,Schultz van Haegen-Maas Geesteranus,Melanie,Schultz,,minister van Infrastructuur en Milieu,164308,514,16
2015,Asscher,Lodewijk,Asscher,PvdA,"minister van Sociale Zaken en Werkgelegenheid, viceminister-president",160396,716,37
2015,Schippers,Edith,Schippers,,"minister van Volksgezondheid, Welzijn en Sport",158510,783,27
2015,Dekker,Sander,Dekker,,"staatssecretaris van Onderwijs, Cultuur en Wetenschap",149927,664,29
2015,Koenders,Bert,Koenders,,minister van Buitenlandse Zaken,148734,489,18
2015,Dijksma,Sharon,Dijksma,PvdA,staatssecretaris van Economische Zaken,143596,666,23
2015,Omtzigt,Pieter,Omtzigt,CDA,lid Tweede Kamer,141139,977,84
2015,Van Veldhoven,Stientje,Veldhoven,D66,lid Tweede Kamer,120352,1098,74
2015,Dik-Faber,Carla,Dik,ChristenUnie,lid Tweede Kamer,119735,927,97
2015,Pechtold,Alexander,Pechtold,D66,lid Tweede Kamer,118929,1000,44
2015,Dijkhoff,Klaas,Dijkhoff,VVD,staatssecretaris van Veiligheid en Justitie,118332,553,40
2015,Wiebes,Eric,Wiebes,,minister van Economische Zaken en Klimaat,118318,598,20
2015,Van Weyenberg,Steven,Weyenberg,D66,lid Tweede Kamer,111571,867,62
2015,Hennis-Plasschaert,Jeanine,Hennis,,minister van Defensie,94010,407,18
2015,Blok,Stef,Blok,,minister van Buitenlandse Zaken,91478,520,24
2015,Van Tongeren,Liesbeth,Tongeren,GroenLinks,lid Tweede Kamer,90380,767,70
2015,Klaver,Jesse,Klaver,GroenLinks,lid Tweede Kamer,89910,780,56
2015,Bisschop,Roelof,Bisschop,SGP,lid Tweede Kamer,85537,1168,79
2015,Leijten,Renske,Leijten,SP,lid Tweede Kamer,82798,683,53
2015,Smaling,Eric,Smaling,SP,lid Tweede Kamer,82462,623,74
2015,Grashoff,Rik,Grashoff,GroenLinks,lid Tweede Kamer,81610,633,47
2015,Van Haersma Buma,Sybrand,Haersma,CDA,lid Tweede Kamer,76541,668,35
2015,Plasterk,Ronald,Plasterk,,minister van Binnenlandse Zaken en Koninkrijksrelaties,76403,397,28
2015,Mansveld,Wilma,Mansveld,,staatssecretaris van Infrastructuur en Milieu,76083,479,26
2015,Segers,Gert-Jan,Segers,ChristenUnie,lid Tweede Kamer,74817,600,68
2015,Schouten,Carola,Schouten,ChristenUnie,"minister van Landbouw, Natuur en Voedselkwaliteit",73944,577,71
2015,Oskam,Peter,Oskam,CDA,Lid Tweede Kamer,73648,519,62
2015,Keijzer,Mona,Keijzer,CDA,lid Tweede Kamer,73498,771,78
2015,Voortman,Linda,Voortman,GroenLinks,lid Tweede Kamer,70338,757,66
2015,Klijnsma,Jellejetta,Klijnsma,,staatssecretaris van Sociale Zaken en Werkgelegenheid,68415,518,24
2015,Zijlstra,Halbe,Zijlstra,VVD,lid Tweede Kamer,68188,490,18
2015,Van der Staaij,Kees,Staaij,SGP,lid Tweede Kamer,67368,450,71
2015,Mulder,Agnes,Mulder,CDA,lid Tweede Kamer,64754,563,64
2015,Dijkgraaf,Elbert,Dijkgraaf,SGP,lid Tweede Kamer,64140,595,75
2015,Ouwehand,Esther,Ouwehand,PvdD,lid Tweede Kamer,63402,554,58
2015,Verhoeven,Kees,Verhoeven,D66,lid Tweede Kamer,62409,428,49
2015,Gesthuizen,Sharon,Gesthuizen,SP,lid Tweede Kamer,62117,366,60
2015,Slob,Arie,Slob,ChristenUnie,minister voor Basis- en Voortgezet Onderwijs en Media,60979,426,44
2015,Van Nispen,Michiel,Nispen,SP,lid Tweede Kamer,60435,317,48
2015,van Dijk,Jasper,Dijk,SP,lid Tweede Kamer,60194,628,58
2015,Samsom,Diederik,Samsom,PvdA,lid Tweede Kamer,59929,419,14
2015,Krol,Henk,Krol,50PLUS,lid Tweede Kamer,58231,482,84
2015,Koolmees,Wouter,Koolmees,D66,minister van Sociale Zaken en Werkgelegenheid,58223,418,54
2015,Vos,Jan,Vos,PvdA,lid Tweede Kamer,57931,529,57
2015,Klein,Norbert,Klein,Klein,Lid Tweede Kamer,56541,422,67
2015,van Dijck,Tony,Dijck,PVV,lid Tweede Kamer,56334,433,39
2015,Heerma,Pieter,Heerma,CDA,lid Tweede Kamer,56305,352,46
2015,Van Meenen,Paul,Meenen,D66,lid Tweede Kamer,56107,595,49
2015,Sjoerdsma,Sjoerd,Sjoerdsma,D66,lid Tweede Kamer,56018,420,49
2015,Bashir,Farshad,Bashir,SP,lid Tweede Kamer,55507,485,58
2015,Schouw,Gerard,Schouw,D66,Lid Tweede Kamer,54696,467,43
2015,Recourt,Jeroen,Recourt,PvdA,lid Tweede Kamer,54598,490,49
2015,Merkies,Arnold,Merkies,SP,Lid Tweede Kamer,54367,507,45
2015,Roemer,Emile,Roemer,SP,lid Tweede Kamer,54300,446,31
2015,Voordewind,Joel,Voordewind,ChristenUnie,lid Tweede Kamer,53758,505,59
2015,Ten Broeke,Han,Broeke,VVD,lid Tweede Kamer,52738,539,31
2015,Kuzu,Tunahan,Kuzu,DENK,lid Tweede Kamer,52032,508,74
2015,Bosma,Martin,Bosma,PVV,lid Tweede Kamer,51882,1536,53
2015,Helder,Lilian,Helder,PVV,lid Tweede Kamer,50714,262,56
2015,Van Oosten,Foort,Oosten,VVD,lid Tweede Kamer,50585,369,42
2015,Knops,Raymond,Knops,CDA,lid Tweede Kamer,50235,381,35
2015,Madlener,Barry,Madlener,PVV,lid Tweede Kamer,50045,406,47
2015,Nijboer,Henk,Nijboer,PvdA,lid Tweede Kamer,48962,328,41
2015,Graus,Dion,Graus,PVV,lid Tweede Kamer,48899,548,50
2015,Hachchi,Wassila,Hachchi,D66,Lid Tweede Kamer,48501,374,46
2015,Van Helvert,Martijn,Helvert,CDA,lid Tweede Kamer,47645,369,44
2015,Siderius,Tjitske,Siderius,SP,lid Tweede Kamer,47419,445,47
2015,Thieme,Marianne,Thieme,PvdD,lid Tweede Kamer,46668,394,60
2015,Van Dam,Martijn,Dam,PvdA,staatssecretaris van Economische Zaken,46519,285,18
2015,Van Raak,Ronald,Raak,SP,lid Tweede Kamer,46143,424,49
2015,Karabulut,Sadet,Karabulut,SP,lid Tweede Kamer,45743,546,46
2015,Wilders,Geert,Wilders,PVV,lid Tweede Kamer,45407,366,23
2015,Ploumen,Lilianne,Ploumen,PvdA,lid Tweede Kamer,44958,270,19
2015,Teeven,Fred,Teeven,VVD,staatssecretaris van Veiligheid en Justitie,44933,255,24
2015,Bruins Slot,Hanke,Bruins,CDA,lid Tweede Kamer,43655,390,49
2015,Opstelten,Ivo,Opstelten,,minister van Veiligheid en Justitie,42656,271,13
2015,Van Bommel,Harry,Bommel,SP,lid Tweede Kamer,41472,314,36
2015,Veldman,Hayke,Veldman,VVD,lid Tweede Kamer,41071,238,19
2015,Arib,Khadija,Arib,PvdA,lid Tweede Kamer,39329,2014,51
2015,Dijkstra,Pia,Dijkstra,D66,lid Tweede Kamer,37561,388,60
2015,Ulenbelt,Paul,Ulenbelt,SP,Lid Tweede Kamer,36824,381,43
2015,Kooiman,Nine,Kooiman,SP,lid Tweede Kamer,36797,285,39
2015,Vermeij,Roos,Vermeij,PvdA,lid Tweede Kamer,36622,618,48
2015,Van Gerven,Henk,Gerven,SP,lid Tweede Kamer,36066,377,49
2015,Ypma,Loes,Ypma,PvdA,lid Tweede Kamer,35927,303,32
2015,Bosman,André,Bosman,VVD,lid Tweede Kamer,35760,305,45
2015,Rog,Michel,Rog,CDA,lid Tweede Kamer,35724,310,46
2015,Klever,Reinette,Klever,PVV,minister voor Buitenlandse Handel en Ontwikkelingshulp,35661,342,45
2015,Servaes,Michiel,Servaes,PvdA,lid Tweede Kamer,35650,199,30
2015,de Vries,Albert,Vries,PvdA,lid Tweede Kamer,35503,230,29
2015,Beertema,Harm,Beertema,PVV,lid Tweede Kamer,34851,255,45
2015,Berndsen-Jansen,Magda,Berndsen,D66,Lid Tweede Kamer,34541,540,47
2015,Visser,Barbara,Visser,VVD,staatssecretaris van Defensie,33991,248,40
2015,Lodders,Helma,Lodders,VVD,lid Tweede Kamer,33897,441,45
2015,Eijsink,Angelien,Eijsink,PvdA,lid Tweede Kamer,33609,164,18
2015,Geurts,Jaco,Geurts,CDA,lid Tweede Kamer,33291,391,64
2015,Van Laar,Roelof,Laar,PvdA,lid Tweede Kamer,31876,190,21
2015,Groot,Ed,Groot,PvdA,lid Tweede Kamer,30804,256,31
2015,De Roon,Raymond,Roon,PVV,lid Tweede Kamer,30554,235,36
2015,Duisenberg,Pieter,Duisenberg,VVD,lid Tweede Kamer,30533,333,29
2015,Van Toorenburg,Madeleine,Toorenburg,CDA,lid Tweede Kamer,30175,277,36
2015,Azmani,Malik,Azmani,VVD,lid Tweede Kamer,29678,241,38
2015,Bontes,Louis,Bontes,Groep Bontes/Van Klaveren,lid Tweede Kamer,29305,369,62
2015,van Dijk,Otwin,Dijk,PvdA,Lid Tweede Kamer,29135,263,47
2015,Rutte,Arno,Rutte,VVD,lid Tweede Kamer,28944,206,34
2015,Bouwmeester,Lea,Bouwmeester,PvdA,Lid Tweede Kamer,28456,209,23
2015,Bergkamp,Vera,Bergkamp,D66,lid Tweede Kamer,28357,249,27
2015,Kerstens,John,Kerstens,PvdA,lid Tweede Kamer,27716,186,26
2015,Straus,Karin,Straus,VVD,lid Tweede Kamer,27674,180,29
2015,Taverne,Joost,Taverne,VVD,lid Tweede Kamer,27070,199,14
2015,Potters,Sjoerd,Potters,VVD,lid Tweede Kamer,26134,222,39
2015,Van Vliet,Roland,Vliet,Van Vliet,lid Tweede Kamer,26076,327,57
2015,Van Klaveren,Joram,Klaveren,Groep Bontes/Van Klaveren,Lid Tweede Kamer,26053,191,43
2015,Elias,Ton,Elias,VVD,lid Tweede Kamer,25639,998,26
2015,Harbers,Mark,Harbers,VVD,lid Tweede Kamer,25638,207,24
2015,Neppérus,Helma,Neppérus,VVD,lid Tweede Kamer,25384,403,38
2015,Hoogland,Duco,Hoogland,PvdA,lid Tweede Kamer,25313,228,41
2015,Fritsma,Sietse,Fritsma,PVV,lid Tweede Kamer,24560,304,58
2015,Monasch,Jacques,Monasch,PvdA,lid Tweede Kamer,24008,178,32
2015,Mulder,Anne,Mulder,VVD,lid Tweede Kamer,22839,247,32
2015,Van Ojik,Abraham,Ojik,GroenLinks,Lid Tweede Kamer,21621,142,22
2015,Maij,Marit,Maij,PvdA,lid Tweede Kamer,20993,159,26
2015,Mohandis,Mohammed,Mohandis,GroenLinks-PvdA,lid Tweede Kamer,20483,188,16
2015,Van der Burg,Brigitte,Burg,VVD,lid Tweede Kamer,20277,354,25
2015,De Graaf,Machiel,Graaf,PVV,lid Tweede Kamer,20173,202,49
2015,Ronnes,Erik,Ronnes,CDA,lid Tweede Kamer,19619,142,20
2015,de Vries,Aukje,Vries,VVD,lid Tweede Kamer,19142,158,33
2015,Agema,Fleur,Agema,PVV,lid Tweede Kamer,19141,216,32
2015,Van 't Wout,Bas,Wout,VVD,Lid Tweede Kamer,18912,134,25
2015,Houwers,Johan,Houwers,Houwers,lid Tweede Kamer,18764,121,21
2015,Wolbert,Agnes,Wolbert,PvdA,lid Tweede Kamer,17628,210,30
2015,Van der Linde,Roald,Linde,VVD,lid Tweede Kamer,17089,226,35
2015,Kuiken,Attje,Kuiken,PvdA,lid Tweede Kamer,16850,209,35
2015,Dikkers,Sjoera,Dikkers,PvdA,Lid Tweede Kamer,16824,186,30
2015,Van Miltenburg,,Van,,Voorzitter van de Tweede Kamer der Staten-Generaal,16802,52,1
2015,Öztürk,Selcuk,Öztürk,DENK,lid Tweede Kamer,15871,209,51
2015,Van Veen,Michiel,Veen,VVD,lid Tweede Kamer,15239,115,17
2015,Schut-Welkzijn,Anoushka,Schut,VVD,lid Tweede Kamer,15168,106,23
2015,Yücel,Kerlik,Yücel,PvdA,lid Tweede Kamer,14783,128,22
2015,De Lange,Leendert,Lange,VVD,lid Tweede Kamer,14198,150,20
2015,Leenders,Henk,Leenders,PvdA,lid Tweede Kamer,14189,103,25
2015,Fokke,Manon,Fokke,PvdA,lid Tweede Kamer,13505,65,8
2015,De Boer,Betty,Boer,VVD,lid Tweede Kamer,13310,120,28
2015,Rebel,Marith,Rebel,PvdA,Lid Tweede Kamer,13029,82,13
2015,Heerema,Rudmer,Heerema,VVD,lid Tweede Kamer,12960,124,16
2015,Van Ark,Tamara,Ark,VVD,staatssecretaris van Sociale Zaken en Werkgelegenheid,12222,94,20
2015,De Liefde,Bart,Liefde,VVD,Lid Tweede Kamer,12062,92,19
2015,Dijkstra,Remco,Dijkstra,VVD,lid Tweede Kamer,11932,91,25
2015,Oosenbrug,Astrid,Oosenbrug,PvdA,lid Tweede Kamer,11886,98,13
2015,Van Dekken,Tjeerd,Dekken,PvdA,lid Tweede Kamer,11729,188,17
2015,Jadnanansing,Tanja,Jadnanansing,PvdA,lid Tweede Kamer,11585,127,21
2015,Nijkerken-de Haan,Chantal,Nijkerken-de,VVD,lid Tweede Kamer,11257,65,10
2015,Gerbrands,Karen,Gerbrands,PVV,lid Tweede Kamer,10348,122,22
2015,Leegte,René,Leegte,VVD,Lid Tweede Kamer,9959,72,9
2015,Koşer Kaya,Fatma,Koşer,D66,lid Tweede Kamer,9741,143,16
2015,Vuijk,Ronald,Vuijk,VVD,Lid Tweede Kamer,9310,35,6
2015,Tanamal,Grace,Tanamal,PvdA,lid Tweede Kamer,9149,76,11
2015,Marcouch,Ahmed,Marcouch,PvdA,lid Tweede Kamer,8826,122,30
2015,Li Vos,Mei,Vos,PvdA,lid Tweede Kamer,7865,46,11
2015,Van Wijngaarden,Jeroen,Wijngaarden,VVD,lid Tweede Kamer,7808,80,14
2015,De Caluwé,Ingrid,Caluwé,VVD,lid Tweede Kamer,7603,75,8
2015,Wassenberg,Frank,Wassenberg,PvdD,lid Tweede Kamer,7489,47,10
2015,Lucas,Anne-Wil,Lucas,VVD,lid Tweede Kamer,7299,57,12
2015,Tellegen,Ockje,Tellegen,VVD,lid Tweede Kamer,6161,67,29
2015,Koser Kaya,Fatma,Koser,D66,lid Tweede Kamer,6115,78,7
2015,Ellemeet,Corinne,Ellemeet,GroenLinks,lid Tweede Kamer,6105,69,13
2015,Jacobi,Lutz,Jacobi,PvdA,lid Tweede Kamer,6078,121,11
2015,Günal-Gezer,Sultan,Günal-Gezer,PvdA,lid Tweede Kamer,5879,32,3
2015,Cegerek,Yasemin,Cegerek,PvdA,lid Tweede Kamer,5164,56,17
2015,Ziengs,Erik,Ziengs,VVD,lid Tweede Kamer,5117,39,7
2015,De Rouwe,Sander,Rouwe,CDA,Lid Tweede Kamer,4585,33,4
2015,Verheijen,Mark,Verheijen,VVD,Lid Tweede Kamer,4482,39,3
2015,Swinkels,Judith,Swinkels,D66,Tweede Kamerlid,2182,13,5
2015,Bruins,Eppo,Bruins,ChristenUnie,lid Tweede Kamer,1983,23,4
2015,Stuiveling,Saskia,Stuiveling,,president van de Algemene Rekenkamer,1942,2,1
2015,Tang,Paul,Tang,EP/PvdA,lid Europees Parlement,1912,7,2
2015,Biesheuvel-Vermeijden,Jacqueline,Biesheuvel-Vermeijden,,"Griffier,",1845,1,1
2015,In 't Veld,Sophie,In,EP/D66,lid Europees Parlement,1793,3,2
2015,Hammerstein,,Hammerstein,,,1777,10,1
2015,De Jong,Dennis,De,EP/SP,lid Europees Parlement,1682,3,2
2015,Van Dalen,Peter,Van,EP/CU/SGP,lid Europees Parlement,1612,3,2
2015,Smit,,Smit,,,1534,1,1
2015,Vogelzang,Monique,Vogelzang,,inspecteur-generaal van het Onderwijs,1490,6,1
2015,Hamilton,Geert,Hamilton,,Griffier Eerste Kamer,1413,3,1
2015,Van Baalen,Hans,van,EP/VVD,lid Europees Parlement,1409,4,2
2015,Hazekamp,Anja,Hazekamp,EP/PvdD,lid Europees Parlement,1381,3,2
2015,De Lange,Esther,de,EP/CDA,lid Europees Parlement,1284,2,1
2015,Van Dooren,,van,,substituut Nationale ombudsman,1133,1,1
2015,Lenaers,Jeroen,Lenaers,EP/CDA,lid Europees Parlement,955,2,1
2015,Sargentini,Judith,Sargentini,,lid EP,927,2,1
2015,Volp,Marith,Volp,PvdA,lid Tweede Kamer,903,9,4
2015,Ruiz-Maduro,X.J.,Ruiz-Maduro,,bijzonder gedelegeerde,827,3,1
2015,Eickhout,Bas,Eickhout,EP/GroenLinks,lid Europees Parlement,677,1,1
2015,Moors,Perjan,Moors,VVD,lid Tweede Kamer,638,10,8
2015,Dammers,C.G.,Dammers,,bijzonder gedelegeerde,544,2,1
2015,Thijsen,J.E.,Thijsen,,bijzonder gedelegeerde,480,2,1
2015,Sneek,A.M.,Sneek,,bijzonder gedelegeerde,404,3,1
2015,Bikker,A.C.G.,Bikker,,bijzonder gedelegeerde,400,3,1
2015,Gerbrandy,Gerben,Gerbrandy,EP/D66,Europarlementariër,254,1,1
2015,Brouwer,Harm,Brouwer,PvdA,lid Tweede Kamer,175,1,1
2015,Berckmoes-Duindam,Ybeltje,Berckmoes,VVD,lid Tweede Kamer,155,3,2
2015,Vermue,Joyce,Vermue,PvdA,lid Tweede Kamer,134,2,2
2015,Scheltema,,Scheltema,,,81,1,1
2014,Van Rijn,Martin,Rijn,,"staatssecretaris van Volksgezondheid, Welzijn en Sport",255863,1439,30
2014,Van Miltenburg,Anouchka,Miltenburg,VVD,Lid Tweede Kamer,179427,6250,97
2014,Schippers,Edith,Schippers,,"minister van Volksgezondheid, Welzijn en Sport",175871,1001,28
2014,Asscher,Lodewijk,Asscher,PvdA,"minister van Sociale Zaken en Werkgelegenheid, viceminister-president",153642,673,29
2014,Kamp,Henk,Kamp,,minister van Economische Zaken,152775,554,22
2014,Leijten,Renske,Leijten,SP,lid Tweede Kamer,147781,1134,42
2014,Dijsselbloem,Jeroen,Dijsselbloem,PvdA,minister van Financiën,139647,580,20
2014,Teeven,Fred,Teeven,VVD,staatssecretaris van Veiligheid en Justitie,136619,607,33
2014,Rutte,Mark,Rutte,VVD,"minister-president, minister van Algemene Zaken",129805,798,19
2014,Plasterk,Ronald,Plasterk,,minister van Binnenlandse Zaken en Koninkrijksrelaties,118711,654,26
2014,Dijksma,Sharon,Dijksma,PvdA,staatssecretaris van Economische Zaken,116310,737,32
2014,Bussemaker,Jet,Bussemaker,,"minister van Onderwijs, Cultuur en Wetenschap",114448,456,17
2014,Klijnsma,Jellejetta,Klijnsma,,staatssecretaris van Sociale Zaken en Werkgelegenheid,105131,892,25
2014,Opstelten,Ivo,Opstelten,,minister van Veiligheid en Justitie,100105,727,33
2014,Karabulut,Sadet,Karabulut,SP,lid Tweede Kamer,97346,1056,49
2014,Keijzer,Mona,Keijzer,CDA,lid Tweede Kamer,92739,876,61
2014,Omtzigt,Pieter,Omtzigt,CDA,lid Tweede Kamer,91666,742,66
2014,Schouten,Carola,Schouten,ChristenUnie,"minister van Landbouw, Natuur en Voedselkwaliteit",88239,728,69
2014,Voortman,Linda,Voortman,GroenLinks,lid Tweede Kamer,87488,833,58
2014,Klaver,Jesse,Klaver,GroenLinks,lid Tweede Kamer,85221,755,63
2014,Van Weyenberg,Steven,Weyenberg,D66,lid Tweede Kamer,83942,604,59
2014,Segers,Gert-Jan,Segers,ChristenUnie,lid Tweede Kamer,74819,594,63
2014,Van Ojik,Abraham,Ojik,GroenLinks,Lid Tweede Kamer,73935,555,50
2014,Mansveld,Wilma,Mansveld,,staatssecretaris van Infrastructuur en Milieu,70722,430,24
2014,Bergkamp,Vera,Bergkamp,D66,lid Tweede Kamer,70220,531,43
2014,Schouw,Gerard,Schouw,D66,Lid Tweede Kamer,69696,724,70
2014,Heerma,Pieter,Heerma,CDA,lid Tweede Kamer,69373,488,40
2014,Wiebes,Eric,Wiebes,,minister van Economische Zaken en Klimaat,69277,387,20
2014,Dekker,Sander,Dekker,,"staatssecretaris van Onderwijs, Cultuur en Wetenschap",69247,362,20
2014,Ouwehand,Esther,Ouwehand,PvdD,lid Tweede Kamer,69234,634,78
2014,Pechtold,Alexander,Pechtold,D66,lid Tweede Kamer,68824,592,31
2014,Dik-Faber,Carla,Dik,ChristenUnie,lid Tweede Kamer,65947,585,77
2014,Dijkgraaf,Elbert,Dijkgraaf,SGP,lid Tweede Kamer,64824,550,70
2014,Van der Staaij,Kees,Staaij,SGP,lid Tweede Kamer,63695,414,69
2014,Agema,Fleur,Agema,PVV,lid Tweede Kamer,62911,732,65
2014,Klein,Norbert,Klein,Klein,Lid Tweede Kamer,60094,475,72
2014,Van Tongeren,Liesbeth,Tongeren,GroenLinks,lid Tweede Kamer,58409,651,63
2014,Van Veldhoven,Stientje,Veldhoven,D66,lid Tweede Kamer,58204,925,61
2014,Bisschop,Roelof,Bisschop,SGP,lid Tweede Kamer,57327,408,61
2014,Van Hijum,Eddy,Hijum,CDA,"minister van Sociale Zaken en Werkgelegenheid, viceminister-president",55570,444,50
2014,Hennis-Plasschaert,Jeanine,Hennis,,minister van Defensie,55001,302,16
2014,van Dijk,Jasper,Dijk,SP,lid Tweede Kamer,54749,586,38
2014,Verhoeven,Kees,Verhoeven,D66,lid Tweede Kamer,54454,383,29
2014,Schultz van Haegen-Maas Geesteranus,Melanie,Schultz,,minister van Infrastructuur en Milieu,53031,248,18
2014,Merkies,Arnold,Merkies,SP,Lid Tweede Kamer,52989,492,46
2014,van Dijck,Tony,Dijck,PVV,lid Tweede Kamer,50919,447,43
2014,Van Raak,Ronald,Raak,SP,lid Tweede Kamer,48449,629,52
2014,Bosma,Martin,Bosma,PVV,lid Tweede Kamer,47770,1690,57
2014,van Dijk,Otwin,Dijk,PvdA,Lid Tweede Kamer,47523,353,34
2014,Slob,Arie,Slob,ChristenUnie,minister voor Basis- en Voortgezet Onderwijs en Media,47449,306,34
2014,Blok,Stef,Blok,,minister van Buitenlandse Zaken,46526,276,17
2014,Bruins Slot,Hanke,Bruins,CDA,lid Tweede Kamer,46440,505,41
2014,Van Gerven,Henk,Gerven,SP,lid Tweede Kamer,45936,501,51
2014,Nijboer,Henk,Nijboer,PvdA,lid Tweede Kamer,45579,392,49
2014,Beertema,Harm,Beertema,PVV,lid Tweede Kamer,45262,361,40
2014,Bouwmeester,Lea,Bouwmeester,PvdA,Lid Tweede Kamer,45012,360,39
2014,Van Meenen,Paul,Meenen,D66,lid Tweede Kamer,44581,475,36
2014,Koolmees,Wouter,Koolmees,D66,minister van Sociale Zaken en Werkgelegenheid,43715,301,43
2014,Van Toorenburg,Madeleine,Toorenburg,CDA,lid Tweede Kamer,41669,380,50
2014,Kerstens,John,Kerstens,PvdA,lid Tweede Kamer,41575,272,28
2014,Van Haersma Buma,Sybrand,Haersma,CDA,lid Tweede Kamer,41240,388,20
2014,Thieme,Marianne,Thieme,PvdD,lid Tweede Kamer,40964,338,46
2014,Arib,Khadija,Arib,PvdA,lid Tweede Kamer,40400,2399,50
2014,Knops,Raymond,Knops,CDA,lid Tweede Kamer,39730,370,34
2014,Roemer,Emile,Roemer,SP,lid Tweede Kamer,39102,304,26
2014,Rutte,Arno,Rutte,VVD,lid Tweede Kamer,38942,358,43
2014,Samsom,Diederik,Samsom,PvdA,lid Tweede Kamer,38661,235,11
2014,Siderius,Tjitske,Siderius,SP,lid Tweede Kamer,38232,351,37
2014,Gesthuizen,Sharon,Gesthuizen,SP,lid Tweede Kamer,38171,261,44
2014,Elias,Ton,Elias,VVD,lid Tweede Kamer,37497,1022,30
2014,Klever,Reinette,Klever,PVV,minister voor Buitenlandse Handel en Ontwikkelingshulp,36814,397,54
2014,Zijlstra,Halbe,Zijlstra,VVD,lid Tweede Kamer,35987,243,16
2014,Monasch,Jacques,Monasch,PvdA,lid Tweede Kamer,34723,237,26
2014,Weekers,Frans,Weekers,,staatssecretaris van Financiën,34682,213,2
2014,De Graaf,Machiel,Graaf,PVV,lid Tweede Kamer,33630,357,56
2014,Smaling,Eric,Smaling,SP,lid Tweede Kamer,33297,349,58
2014,Helder,Lilian,Helder,PVV,lid Tweede Kamer,32910,234,49
2014,Rog,Michel,Rog,CDA,lid Tweede Kamer,32800,304,35
2014,Recourt,Jeroen,Recourt,PvdA,lid Tweede Kamer,32745,313,37
2014,Bontes,Louis,Bontes,Groep Bontes/Van Klaveren,lid Tweede Kamer,32384,344,51
2014,Dijkstra,Pia,Dijkstra,D66,lid Tweede Kamer,32055,319,43
2014,Ulenbelt,Paul,Ulenbelt,SP,Lid Tweede Kamer,31635,346,38
2014,Vos,Jan,Vos,PvdA,lid Tweede Kamer,30739,282,39
2014,Van der Steur,Ard,Steur,VVD,minister van Veiligheid en Justitie,30387,228,34
2014,Ploumen,Lilianne,Ploumen,PvdA,lid Tweede Kamer,29297,175,11
2014,Voordewind,Joel,Voordewind,ChristenUnie,lid Tweede Kamer,29268,408,57
2014,Van Vliet,Roland,Vliet,Van Vliet,lid Tweede Kamer,28990,161,29
2014,Berndsen-Jansen,Magda,Berndsen,D66,Lid Tweede Kamer,28623,545,50
2014,Graus,Dion,Graus,PVV,lid Tweede Kamer,28539,331,38
2014,Mulder,Agnes,Mulder,CDA,lid Tweede Kamer,27777,315,53
2014,Sjoerdsma,Sjoerd,Sjoerdsma,D66,lid Tweede Kamer,27240,258,41
2014,Timmermans,Franciscus,Timmermans,,minister van Buitenlandse Zaken,26827,132,13
2014,Koenders,Bert,Koenders,,minister van Buitenlandse Zaken,26163,90,5
2014,Van 't Wout,Bas,Wout,VVD,Lid Tweede Kamer,25829,192,36
2014,Dijkhoff,Klaas,Dijkhoff,VVD,staatssecretaris van Veiligheid en Justitie,24528,150,18
2014,Ypma,Loes,Ypma,PvdA,lid Tweede Kamer,24313,258,29
2014,Geurts,Jaco,Geurts,CDA,lid Tweede Kamer,23764,288,39
2014,Lodders,Helma,Lodders,VVD,lid Tweede Kamer,23444,242,35
2014,Harbers,Mark,Harbers,VVD,lid Tweede Kamer,23082,149,24
2014,Potters,Sjoerd,Potters,VVD,lid Tweede Kamer,23012,243,18
2014,Van Bommel,Harry,Bommel,SP,lid Tweede Kamer,23002,171,29
2014,Oskam,Peter,Oskam,CDA,Lid Tweede Kamer,22753,151,29
2014,De Rouwe,Sander,Rouwe,CDA,Lid Tweede Kamer,22416,225,28
2014,Kooiman,Nine,Kooiman,SP,lid Tweede Kamer,22180,189,30
2014,Fritsma,Sietse,Fritsma,PVV,lid Tweede Kamer,21526,210,45
2014,Verheijen,Mark,Verheijen,VVD,Lid Tweede Kamer,21503,167,19
2014,Azmani,Malik,Azmani,VVD,lid Tweede Kamer,20735,176,34
2014,Van Oosten,Foort,Oosten,VVD,lid Tweede Kamer,20664,143,17
2014,Van Nispen,Michiel,Nispen,SP,lid Tweede Kamer,20259,141,28
2014,Neppérus,Helma,Neppérus,VVD,lid Tweede Kamer,20144,384,43
2014,Wilders,Geert,Wilders,PVV,lid Tweede Kamer,19879,147,21
2014,Hachchi,Wassila,Hachchi,D66,Lid Tweede Kamer,19134,172,24
2014,Madlener,Barry,Madlener,PVV,lid Tweede Kamer,19080,197,32
2014,Van Klaveren,Joram,Klaveren,Groep Bontes/Van Klaveren,Lid Tweede Kamer,18340,195,39
2014,Van der Linde,Roald,Linde,VVD,lid Tweede Kamer,17778,160,21
2014,Vermeij,Roos,Vermeij,PvdA,lid Tweede Kamer,17118,333,34
2014,Eijsink,Angelien,Eijsink,PvdA,lid Tweede Kamer,17105,142,16
2014,Ten Broeke,Han,Broeke,VVD,lid Tweede Kamer,16666,114,22
2014,Krol,Henk,Krol,50PLUS,lid Tweede Kamer,16402,95,28
2014,Van Veen,Michiel,Veen,VVD,lid Tweede Kamer,15520,128,24
2014,Maij,Marit,Maij,PvdA,lid Tweede Kamer,15250,172,28
2014,Visser,Barbara,Visser,VVD,staatssecretaris van Defensie,14828,92,12
2014,Van Laar,Roelof,Laar,PvdA,lid Tweede Kamer,14543,113,17
2014,Leegte,René,Leegte,VVD,Lid Tweede Kamer,14279,148,30
2014,De Roon,Raymond,Roon,PVV,lid Tweede Kamer,13803,92,27
2014,Straus,Karin,Straus,VVD,lid Tweede Kamer,13802,124,22
2014,Jansen,Paulus,Jansen,SP,Lid Tweede Kamer,13758,118,14
2014,Hamer,Mariëtte,Hamer,PvdA,Lid Tweede Kamer,13527,101,16
2014,Dijkstra,Remco,Dijkstra,VVD,lid Tweede Kamer,13190,121,27
2014,Fokke,Manon,Fokke,PvdA,lid Tweede Kamer,13163,85,13
2014,de Vries,Aukje,Vries,VVD,lid Tweede Kamer,12744,111,17
2014,De Liefde,Bart,Liefde,VVD,Lid Tweede Kamer,12602,216,19
2014,Servaes,Michiel,Servaes,PvdA,lid Tweede Kamer,12003,74,21
2014,Van der Burg,Brigitte,Burg,VVD,lid Tweede Kamer,11995,116,15
2014,Van Ark,Tamara,Ark,VVD,staatssecretaris van Sociale Zaken en Werkgelegenheid,11719,77,12
2014,Bosman,André,Bosman,VVD,lid Tweede Kamer,11629,107,16
2014,Duisenberg,Pieter,Duisenberg,VVD,lid Tweede Kamer,11474,140,16
2014,Marcouch,Ahmed,Marcouch,PvdA,lid Tweede Kamer,11381,92,27
2014,De Wit,Jan,Wit,SP,Lid Tweede Kamer,11275,83,8
2014,Oosenbrug,Astrid,Oosenbrug,PvdA,lid Tweede Kamer,11217,84,21
2014,Jadnanansing,Tanja,Jadnanansing,PvdA,lid Tweede Kamer,10837,100,16
2014,Mohandis,Mohammed,Mohandis,GroenLinks-PvdA,lid Tweede Kamer,10436,91,16
2014,Wolbert,Agnes,Wolbert,PvdA,lid Tweede Kamer,10252,141,18
2014,Vuijk,Ronald,Vuijk,VVD,Lid Tweede Kamer,10106,68,9
2014,Schut-Welkzijn,Anoushka,Schut,VVD,lid Tweede Kamer,9596,94,20
2014,Bashir,Farshad,Bashir,SP,lid Tweede Kamer,9372,93,17
2014,Lucas,Anne-Wil,Lucas,VVD,lid Tweede Kamer,9341,66,4
2014,Litjens,Pieter,Litjens,VVD,Lid Tweede Kamer,8593,52,11
2014,Jacobi,Lutz,Jacobi,PvdA,lid Tweede Kamer,8352,94,18
2014,Mulder,Anne,Mulder,VVD,lid Tweede Kamer,7880,78,10
2014,Baay-Timmerman,Martine,Baay,50PLUS,Lid Tweede Kamer,6442,67,22
2014,Kuzu,Tunahan,Kuzu,DENK,lid Tweede Kamer,6319,80,24
2014,Ellemeet,Corinne,Ellemeet,GroenLinks,lid Tweede Kamer,6288,70,9
2014,Ziengs,Erik,Ziengs,VVD,lid Tweede Kamer,6232,49,7
2014,Dikkers,Sjoera,Dikkers,PvdA,Lid Tweede Kamer,6098,72,16
2014,Van Nieuwenhuizen-Wijbenga,Cora,Nieuwenhuizen,VVD,minister van Infrastructuur en Waterstaat,5987,52,6
2014,Groot,Ed,Groot,PvdA,lid Tweede Kamer,5600,58,13
2014,Rebel,Marith,Rebel,PvdA,Lid Tweede Kamer,5523,32,9
2014,Tellegen,Ockje,Tellegen,VVD,lid Tweede Kamer,5382,52,9
2014,Hoogland,Duco,Hoogland,PvdA,lid Tweede Kamer,5034,58,19
2014,Tanamal,Grace,Tanamal,PvdA,lid Tweede Kamer,4737,27,5
2014,Öztürk,Selcuk,Öztürk,DENK,lid Tweede Kamer,4668,51,8
2014,Taverne,Joost,Taverne,VVD,lid Tweede Kamer,4547,42,10
2014,De Boer,Betty,Boer,VVD,lid Tweede Kamer,4488,63,19
2014,Van Dekken,Tjeerd,Dekken,PvdA,lid Tweede Kamer,4205,64,15
2014,Cegerek,Yasemin,Cegerek,PvdA,lid Tweede Kamer,4140,31,13
2014,Moors,Perjan,Moors,VVD,lid Tweede Kamer,4123,28,4
2014,De Caluwé,Ingrid,Caluwé,VVD,lid Tweede Kamer,4001,43,9
2014,Günal-Gezer,Sultan,Günal-Gezer,PvdA,lid Tweede Kamer,3988,32,6
2014,Yücel,Kerlik,Yücel,PvdA,lid Tweede Kamer,3878,34,13
2014,Kuiken,Attje,Kuiken,PvdA,lid Tweede Kamer,3680,51,17
2014,de Vries,Albert,Vries,PvdA,lid Tweede Kamer,3511,48,17
2014,Leenders,Henk,Leenders,PvdA,lid Tweede Kamer,2898,33,6
2014,Heerema,Rudmer,Heerema,VVD,lid Tweede Kamer,2049,31,10
2014,Van Wijngaarden,Jeroen,Wijngaarden,VVD,lid Tweede Kamer,1874,8,5
2014,Stuiveling,Saskia,Stuiveling,,president van de Algemene Rekenkamer,1844,1,1
2014,Van Dam,Martijn,Dam,PvdA,staatssecretaris van Economische Zaken,1811,26,10
2014,Li Vos,Mei,Vos,PvdA,lid Tweede Kamer,1264,15,4
2014,Baudet,,Baudet,,,1152,1,1
2014,Van Helvert,Martijn,Helvert,CDA,lid Tweede Kamer,953,11,2
2014,Van Dijk,Gert,Van,,,949,1,1
2014,Van Dooren,Frank,Van,,waarnemend Nationale ombudsman,897,1,1
2014,Althuizen,Peter,Althuizen,,,875,1,1
2014,Veldman,Hayke,Veldman,VVD,lid Tweede Kamer,121,2,1
2014,Berckmoes-Duindam,Ybeltje,Berckmoes,VVD,lid Tweede Kamer,41,1,1
2013,Van Rijn,Martin,Rijn,,"staatssecretaris van Volksgezondheid, Welzijn en Sport",111615,602,13
2013,Teeven,Fred,Teeven,VVD,staatssecretaris van Veiligheid en Justitie,106739,542,15
2013,Van Miltenburg,Anouchka,Miltenburg,VVD,Lid Tweede Kamer,88802,2968,49
2013,Leijten,Renske,Leijten,SP,lid Tweede Kamer,84173,648,36
2013,Rutte,Mark,Rutte,VVD,"minister-president, minister van Algemene Zaken",83844,525,10
2013,Dijsselbloem,Jeroen,Dijsselbloem,PvdA,minister van Financiën,77730,285,14
2013,Dijksma,Sharon,Dijksma,PvdA,staatssecretaris van Economische Zaken,71374,483,15
2013,Kamp,Henk,Kamp,,minister van Economische Zaken,71073,232,13
2013,Dekker,Sander,Dekker,,"staatssecretaris van Onderwijs, Cultuur en Wetenschap",68957,334,12
2013,Verhoeven,Kees,Verhoeven,D66,lid Tweede Kamer,61130,425,26
2013,Opstelten,Ivo,Opstelten,,minister van Veiligheid en Justitie,60364,416,17
2013,Schippers,Edith,Schippers,,"minister van Volksgezondheid, Welzijn en Sport",54960,297,12
2013,Plasterk,Ronald,Plasterk,,minister van Binnenlandse Zaken en Koninkrijksrelaties,50976,273,14
2013,Asscher,Lodewijk,Asscher,PvdA,"minister van Sociale Zaken en Werkgelegenheid, viceminister-president",50599,224,15
2013,Weekers,Frans,Weekers,,staatssecretaris van Financiën,50392,220,11
2013,Van Ojik,Abraham,Ojik,GroenLinks,Lid Tweede Kamer,45111,339,24
2013,Schultz van Haegen-Maas Geesteranus,Melanie,Schultz,,minister van Infrastructuur en Milieu,44686,215,8
2013,Klein,Norbert,Klein,Klein,Lid Tweede Kamer,44094,291,37
2013,Pechtold,Alexander,Pechtold,D66,lid Tweede Kamer,41620,341,21
2013,Omtzigt,Pieter,Omtzigt,CDA,lid Tweede Kamer,41318,330,34
2013,Ouwehand,Esther,Ouwehand,PvdD,lid Tweede Kamer,41028,333,37
2013,Van Raak,Ronald,Raak,SP,lid Tweede Kamer,40601,596,26
2013,Timmermans,Franciscus,Timmermans,,minister van Buitenlandse Zaken,40262,180,9
2013,Bussemaker,Jet,Bussemaker,,"minister van Onderwijs, Cultuur en Wetenschap",37078,143,7
2013,Van der Staaij,Kees,Staaij,SGP,lid Tweede Kamer,35246,210,36
2013,van Dijk,Jasper,Dijk,SP,lid Tweede Kamer,34600,375,25
2013,Van Tongeren,Liesbeth,Tongeren,GroenLinks,lid Tweede Kamer,34082,371,34
2013,Klaver,Jesse,Klaver,GroenLinks,lid Tweede Kamer,33778,291,26
2013,Blok,Stef,Blok,,minister van Buitenlandse Zaken,33590,165,17
2013,Bisschop,Roelof,Bisschop,SGP,lid Tweede Kamer,33474,226,31
2013,Dik-Faber,Carla,Dik,ChristenUnie,lid Tweede Kamer,33463,285,37
2013,Bergkamp,Vera,Bergkamp,D66,lid Tweede Kamer,33254,282,28
2013,Van Veldhoven,Stientje,Veldhoven,D66,lid Tweede Kamer,31805,362,27
2013,Mansveld,Wilma,Mansveld,,staatssecretaris van Infrastructuur en Milieu,31137,218,14
2013,Segers,Gert-Jan,Segers,ChristenUnie,lid Tweede Kamer,30833,270,32
2013,Thieme,Marianne,Thieme,PvdD,lid Tweede Kamer,30045,217,25
2013,Dijkgraaf,Elbert,Dijkgraaf,SGP,lid Tweede Kamer,29257,236,28
2013,Voortman,Linda,Voortman,GroenLinks,lid Tweede Kamer,29095,324,35
2013,Schouw,Gerard,Schouw,D66,Lid Tweede Kamer,28746,342,27
2013,Van Hijum,Eddy,Hijum,CDA,"minister van Sociale Zaken en Werkgelegenheid, viceminister-president",28710,229,24
2013,Voordewind,Joel,Voordewind,ChristenUnie,lid Tweede Kamer,28569,280,29
2013,Schouten,Carola,Schouten,ChristenUnie,"minister van Landbouw, Natuur en Voedselkwaliteit",28212,202,25
2013,Samsom,Diederik,Samsom,PvdA,lid Tweede Kamer,27129,223,6
2013,Van Gerven,Henk,Gerven,SP,lid Tweede Kamer,26915,298,28
2013,Heerma,Pieter,Heerma,CDA,lid Tweede Kamer,25956,189,19
2013,Koolmees,Wouter,Koolmees,D66,minister van Sociale Zaken en Werkgelegenheid,25953,157,20
2013,Keijzer,Mona,Keijzer,CDA,lid Tweede Kamer,24808,268,26
2013,Agema,Fleur,Agema,PVV,lid Tweede Kamer,24342,354,32
2013,Bosma,Martin,Bosma,PVV,lid Tweede Kamer,24208,665,23
2013,Hennis-Plasschaert,Jeanine,Hennis,,minister van Defensie,23678,155,6
2013,Zijlstra,Halbe,Zijlstra,VVD,lid Tweede Kamer,23376,161,9
2013,Slob,Arie,Slob,ChristenUnie,minister voor Basis- en Voortgezet Onderwijs en Media,22905,150,12
2013,Van Weyenberg,Steven,Weyenberg,D66,lid Tweede Kamer,22769,173,29
2013,Klijnsma,Jellejetta,Klijnsma,,staatssecretaris van Sociale Zaken en Werkgelegenheid,22619,180,11
2013,Van Haersma Buma,Sybrand,Haersma,CDA,lid Tweede Kamer,22112,223,10
2013,Elias,Ton,Elias,VVD,lid Tweede Kamer,22096,694,18
2013,Roemer,Emile,Roemer,SP,lid Tweede Kamer,20874,178,13
2013,van Dijck,Tony,Dijck,PVV,lid Tweede Kamer,20247,176,19
2013,Ploumen,Lilianne,Ploumen,PvdA,lid Tweede Kamer,20240,147,6
2013,Merkies,Arnold,Merkies,SP,Lid Tweede Kamer,20203,182,17
2013,Recourt,Jeroen,Recourt,PvdA,lid Tweede Kamer,19669,165,12
2013,Jansen,Paulus,Jansen,SP,Lid Tweede Kamer,19531,175,19
2013,Gesthuizen,Sharon,Gesthuizen,SP,lid Tweede Kamer,18314,163,22
2013,Knops,Raymond,Knops,CDA,lid Tweede Kamer,17956,187,15
2013,Monasch,Jacques,Monasch,PvdA,lid Tweede Kamer,17601,150,12
2013,Bruins Slot,Hanke,Bruins,CDA,lid Tweede Kamer,17355,143,18
2013,Lodders,Helma,Lodders,VVD,lid Tweede Kamer,17302,150,17
2013,Graus,Dion,Graus,PVV,lid Tweede Kamer,17004,168,15
2013,Ypma,Loes,Ypma,PvdA,lid Tweede Kamer,16984,156,14
2013,Van Toorenburg,Madeleine,Toorenburg,CDA,lid Tweede Kamer,16741,139,24
2013,Nijboer,Henk,Nijboer,PvdA,lid Tweede Kamer,16687,110,16
2013,Helder,Lilian,Helder,PVV,lid Tweede Kamer,16383,121,24
2013,De Graaf,Machiel,Graaf,PVV,lid Tweede Kamer,16369,130,26
2013,Madlener,Barry,Madlener,PVV,lid Tweede Kamer,16262,141,18
2013,Van Dam,Martijn,Dam,PvdA,staatssecretaris van Economische Zaken,16215,118,10
2013,Van Meenen,Paul,Meenen,D66,lid Tweede Kamer,16189,165,15
2013,Arib,Khadija,Arib,PvdA,lid Tweede Kamer,15099,1057,19
2013,Ulenbelt,Paul,Ulenbelt,SP,Lid Tweede Kamer,15020,165,22
2013,Van Klaveren,Joram,Klaveren,Groep Bontes/Van Klaveren,Lid Tweede Kamer,14914,141,19
2013,Van Bommel,Harry,Bommel,SP,lid Tweede Kamer,14163,108,16
2013,Van 't Wout,Bas,Wout,VVD,Lid Tweede Kamer,13953,104,18
2013,Servaes,Michiel,Servaes,PvdA,lid Tweede Kamer,13886,77,11
2013,Verheijen,Mark,Verheijen,VVD,Lid Tweede Kamer,13762,114,12
2013,Fritsma,Sietse,Fritsma,PVV,lid Tweede Kamer,13705,134,17
2013,De Wit,Jan,Wit,SP,Lid Tweede Kamer,13389,95,16
2013,Bashir,Farshad,Bashir,SP,lid Tweede Kamer,13076,121,15
2013,Van der Steur,Ard,Steur,VVD,minister van Veiligheid en Justitie,13055,96,16
2013,Berndsen-Jansen,Magda,Berndsen,D66,Lid Tweede Kamer,12985,218,24
2013,Sjoerdsma,Sjoerd,Sjoerdsma,D66,lid Tweede Kamer,12645,112,14
2013,Oskam,Peter,Oskam,CDA,Lid Tweede Kamer,12574,74,14
2013,Harbers,Mark,Harbers,VVD,lid Tweede Kamer,12406,71,10
2013,Mulder,Agnes,Mulder,CDA,lid Tweede Kamer,12320,122,25
2013,Ten Broeke,Han,Broeke,VVD,lid Tweede Kamer,12246,69,9
2013,Geurts,Jaco,Geurts,CDA,lid Tweede Kamer,12154,127,20
2013,Rog,Michel,Rog,CDA,lid Tweede Kamer,12042,111,15
2013,De Rouwe,Sander,Rouwe,CDA,Lid Tweede Kamer,11797,124,8
2013,Azmani,Malik,Azmani,VVD,lid Tweede Kamer,11686,91,20
2013,Visser,Barbara,Visser,VVD,staatssecretaris van Defensie,11670,74,10
2013,Van der Burg,Brigitte,Burg,VVD,lid Tweede Kamer,11643,92,10
2013,Van Oosten,Foort,Oosten,VVD,lid Tweede Kamer,10941,89,11
2013,Beertema,Harm,Beertema,PVV,lid Tweede Kamer,10940,118,11
2013,Hachchi,Wassila,Hachchi,D66,Lid Tweede Kamer,10884,88,10
2013,Wilders,Geert,Wilders,PVV,lid Tweede Kamer,10691,75,8
2013,Dijkstra,Pia,Dijkstra,D66,lid Tweede Kamer,10644,108,22
2013,Klever,Reinette,Klever,PVV,minister voor Buitenlandse Handel en Ontwikkelingshulp,10577,114,23
2013,Maij,Marit,Maij,PvdA,lid Tweede Kamer,10546,108,15
2013,Kuzu,Tunahan,Kuzu,DENK,lid Tweede Kamer,10344,82,11
2013,Vuijk,Ronald,Vuijk,VVD,Lid Tweede Kamer,10176,63,3
2013,Kooiman,Nine,Kooiman,SP,lid Tweede Kamer,10097,107,18
2013,Smaling,Eric,Smaling,SP,lid Tweede Kamer,10019,72,12
2013,Huizing,Matthijs,Huizing,VVD,Lid Tweede Kamer,9989,121,7
2013,Duisenberg,Pieter,Duisenberg,VVD,lid Tweede Kamer,9258,72,9
2013,Bouwmeester,Lea,Bouwmeester,PvdA,Lid Tweede Kamer,9130,76,10
2013,Litjens,Pieter,Litjens,VVD,Lid Tweede Kamer,9126,48,9
2013,Rutte,Arno,Rutte,VVD,lid Tweede Kamer,8929,74,10
2013,Kerstens,John,Kerstens,PvdA,lid Tweede Kamer,8663,56,9
2013,Vos,Jan,Vos,PvdA,lid Tweede Kamer,8634,97,16
2013,Van Vliet,Roland,Vliet,Van Vliet,lid Tweede Kamer,8341,83,13
2013,Hamer,Mariëtte,Hamer,PvdA,Lid Tweede Kamer,8301,51,7
2013,Karabulut,Sadet,Karabulut,SP,lid Tweede Kamer,8273,101,9
2013,De Roon,Raymond,Roon,PVV,lid Tweede Kamer,8195,58,9
2013,Eijsink,Angelien,Eijsink,PvdA,lid Tweede Kamer,7988,53,7
2013,Mohandis,Mohammed,Mohandis,GroenLinks-PvdA,lid Tweede Kamer,7710,69,9
2013,van Dijk,Otwin,Dijk,PvdA,Lid Tweede Kamer,7556,78,16
2013,Straus,Karin,Straus,VVD,lid Tweede Kamer,7385,63,9
2013,Bontes,Louis,Bontes,Groep Bontes/Van Klaveren,lid Tweede Kamer,7182,61,12
2013,Krol,Henk,Krol,50PLUS,lid Tweede Kamer,7128,66,17
2013,Groot,Ed,Groot,PvdA,lid Tweede Kamer,6985,58,10
2013,Dikkers,Sjoera,Dikkers,PvdA,Lid Tweede Kamer,6547,74,9
2013,Taverne,Joost,Taverne,VVD,lid Tweede Kamer,6404,45,5
2013,Lucas,Anne-Wil,Lucas,VVD,lid Tweede Kamer,6235,45,7
2013,Marcouch,Ahmed,Marcouch,PvdA,lid Tweede Kamer,6074,58,15
2013,De Liefde,Bart,Liefde,VVD,Lid Tweede Kamer,6015,39,9
2013,Neppérus,Helma,Neppérus,VVD,lid Tweede Kamer,5972,54,13
2013,Li Vos,Mei,Vos,PvdA,lid Tweede Kamer,5856,30,6
2013,Jacobi,Lutz,Jacobi,PvdA,lid Tweede Kamer,5735,66,10
2013,Van Nieuwenhuizen-Wijbenga,Cora,Nieuwenhuizen,VVD,minister van Infrastructuur en Waterstaat,5639,42,10
2013,Bosman,André,Bosman,VVD,lid Tweede Kamer,5601,52,7
2013,De Caluwé,Ingrid,Caluwé,VVD,lid Tweede Kamer,5266,45,4
2013,de Vries,Albert,Vries,PvdA,lid Tweede Kamer,5097,40,9
2013,Van Laar,Roelof,Laar,PvdA,lid Tweede Kamer,4954,45,3
2013,De Boer,Betty,Boer,VVD,lid Tweede Kamer,4919,38,6
2013,de Vries,Aukje,Vries,VVD,lid Tweede Kamer,4475,32,7
2013,Kuiken,Attje,Kuiken,PvdA,lid Tweede Kamer,4412,50,7
2013,Vermeij,Roos,Vermeij,PvdA,lid Tweede Kamer,4365,97,12
2013,Rebel,Marith,Rebel,PvdA,Lid Tweede Kamer,4303,19,4
2013,Leegte,René,Leegte,VVD,Lid Tweede Kamer,4271,53,13
2013,Potters,Sjoerd,Potters,VVD,lid Tweede Kamer,3922,31,7
2013,Dijkstra,Remco,Dijkstra,VVD,lid Tweede Kamer,3863,43,10
2013,Yücel,Kerlik,Yücel,PvdA,lid Tweede Kamer,3768,43,12
2013,Schut-Welkzijn,Anoushka,Schut,VVD,lid Tweede Kamer,3675,51,5
2013,Leenders,Henk,Leenders,PvdA,lid Tweede Kamer,3643,27,7
2013,Van der Linde,Roald,Linde,VVD,lid Tweede Kamer,3448,25,7
2013,Oosenbrug,Astrid,Oosenbrug,PvdA,lid Tweede Kamer,3232,29,7
2013,Heerema,Rudmer,Heerema,VVD,lid Tweede Kamer,2915,19,7
2013,Günal-Gezer,Sultan,Günal-Gezer,PvdA,lid Tweede Kamer,2615,16,2
2013,Fokke,Manon,Fokke,PvdA,lid Tweede Kamer,2161,12,4
2013,Jadnanansing,Tanja,Jadnanansing,PvdA,lid Tweede Kamer,2090,33,6
2013,Van Veen,Michiel,Veen,VVD,lid Tweede Kamer,2041,21,8
2013,Dijkhoff,Klaas,Dijkhoff,VVD,staatssecretaris van Veiligheid en Justitie,2030,13,6
2013,Mulder,Anne,Mulder,VVD,lid Tweede Kamer,1490,18,8
2013,Tanamal,Grace,Tanamal,PvdA,lid Tweede Kamer,1423,5,5
2013,Öztürk,Selcuk,Öztürk,DENK,lid Tweede Kamer,1275,4,2
2013,Wolbert,Agnes,Wolbert,PvdA,lid Tweede Kamer,1197,13,6
2013,Siderius,Tjitske,Siderius,SP,lid Tweede Kamer,1024,16,7
2013,Houwers,Johan,Houwers,Houwers,lid Tweede Kamer,817,10,2
2013,Van Dekken,Tjeerd,Dekken,PvdA,lid Tweede Kamer,757,14,7
2013,Heijnen,Pierre,Heijnen,PvdA,Lid Tweede Kamer,680,3,1
2013,Hoogland,Duco,Hoogland,PvdA,lid Tweede Kamer,434,10,3
2013,Tellegen,Ockje,Tellegen,VVD,lid Tweede Kamer,340,3,2
2013,Venrooy-van Ark,Tamara,Venrooy,VVD,Lid Tweede Kamer,329,7,2
2013,Baay-Timmerman,Martine,Baay,50PLUS,Lid Tweede Kamer,193,5,2
2013,Cegerek,Yasemin,Cegerek,PvdA,lid Tweede Kamer,106,1,1
2013,Van Ark,Tamara,Ark,VVD,staatssecretaris van Sociale Zaken en Werkgelegenheid,85,1,1
